{"type":"FeatureCollection","features":[{"type":"Feature","geometry":{"type":"Polygon","coordinates":[[[27.29535417735343,52.391327857894396],[27.265110672119874,52.399276004084356],[27.241856846216535,52.41728073721629],[27.22396928755262,52.41946262919703],[27.19803232892889,52.41564424628501],[27.184616659930953,52.41837169579719],[27.17925039179221,52.43473285403803],[27.180144770264974,52.44999778816742],[27.157785322834457,52.44999778816742],[27.15063029864939,52.45326815749951],[27.1488415435025,52.48105649376225],[27.146158409882787,52.48759237608732],[27.10859453740801,52.48759237608732],[27.088918223597204,52.491949091377535],[27.083551955458404,52.49630537589246],[27.079080065792425,52.51971300924805],[27.062981263174834,52.53005194644021],[27.05940375288094,52.53766855306134],[27.070136287359844,52.538756532188245],[27.087129467550938,52.545283838578314],[27.079974444265247,52.56214155658762],[27.060298130454385,52.57518824544121],[27.06208688560133,52.58551412177934],[27.053143107168694,52.596924102065714],[27.055826240788406,52.60289957275711],[27.08265757788496,52.606158577356496],[27.087129467550938,52.61267585810441],[27.075502554599268,52.62407876612224],[27.069241908887022,52.63493591695908],[27.07103066493329,52.64144891423604],[27.057614996834673,52.651216593071354],[27.034361170032014,52.650674001504],[27.028100525219088,52.65772716667544],[27.030783659738177,52.668575968206426],[27.037938682124548,52.67183008319182],[27.065664397693865,52.67779533218891],[27.079974444265247,52.69189177358652],[27.081763200311514,52.70110621737808],[27.077291309746215,52.70869312208998],[27.056720618361908,52.712486080268434],[27.046882460557185,52.71898752665311],[27.04777683902995,52.73307067067498],[27.053143107168694,52.739569049472095],[27.051354351122484,52.75310422577945],[27.038833060597312,52.7606820896068],[27.037938682124548,52.77421070805781],[27.020051123460632,52.7752928164104],[26.992325408790634,52.76609404150685],[26.983381629458677,52.759058372645825],[26.971754717406327,52.7439007627101],[26.959233425082573,52.7466078659603],[26.952078402696202,52.752021567041766],[26.935979600078554,52.75526946411452],[26.927035821645916,52.75364554570541],[26.90199323879699,52.759058372645825],[26.893049460364352,52.772046411312886],[26.882316925885448,52.77475176538172],[26.84296429646514,52.766635199554855],[26.8241823611271,52.77042311793258],[26.790195999845594,52.78935777164389],[26.784829733505433,52.79368453591263],[26.783040977459166,52.805040243912174],[26.776780331746977,52.81423078822036],[26.76336466274904,52.826121550569155],[26.76336466274904,52.832606050129186],[26.753526505843638,52.84719263463245],[26.7302726799403,52.84719263463245],[26.68287065145944,52.84989331582392],[26.674821249700983,52.86447409430406],[26.66408871522208,52.87095286698127],[26.644412400511953,52.87095286698127],[26.6175810634154,52.8785102136755],[26.608637284083443,52.890922995599794],[26.59790474870522,52.88984376417841],[26.589855347846083,52.88390751202212],[26.5746509237012,52.85583422466976],[26.554080231417572,52.83962983175138],[26.541558939993138,52.83908958111931],[26.529932027940788,52.85043343155769],[26.520093871035385,52.8515136441394],[26.505783824464004,52.845031967551336],[26.501311934798025,52.837468789652974],[26.477163731321184,52.82017657678762],[26.453909904518525,52.806662245865994],[26.44138861399341,52.81314964933688],[26.4387054803737,52.826661963079175],[26.42439543380226,52.830444658194494],[26.402930363945188,52.84071031233111],[26.39845847427921,52.85259382974152],[26.41008538723088,52.86771360160151],[26.42976170194106,52.8785102136755],[26.42976170194106,52.88660590893562],[26.43602234765325,52.89470009243536],[26.461959306277038,52.90117435231457],[26.465536818369515,52.90818704079936],[26.45927617265727,52.917355768454],[26.4476492597056,52.920591325929024],[26.437811101900877,52.94269450165001],[26.419029166562837,52.95023934237179],[26.39130345189284,52.97932854617551],[26.393092207939105,52.987405406934045],[26.419029166562837,52.99332747858034],[26.427972945894794,53.006245544596254],[26.449438015751866,53.004092801441686],[26.465536818369515,53.008936320654755],[26.46911432956273,53.02077374781027],[26.463748062323248,53.04820256749457],[26.484318753707555,53.051428340345694],[26.505783824464004,53.04282574221429],[26.52098824860883,53.04175029693869],[26.529037649468023,53.04497655272576],[26.529932027940788,53.06271664505715],[26.522777004655097,53.08367279306498],[26.51651635894285,53.08850737841283],[26.495945666659225,53.08689591021812],[26.48252999766129,53.08850737841283],[26.47626935284842,53.09817492133561],[26.481635620087843,53.111061599213485],[26.47179746318244,53.118577045594236],[26.43691672522675,53.11535630085268],[26.41813478898939,53.11696670335073],[26.393092207939105,53.12394441720113],[26.36804962509018,53.13896949224835],[26.345690177659606,53.15827972712776],[26.335852019854883,53.175973148242235],[26.3260138638488,53.18347724338014],[26.284872479281546,53.18830061238339],[26.277717455995855,53.19473092689083],[26.279506212042122,53.20705299959633],[26.300971281899194,53.21187371649887],[26.312598194850864,53.220978034708594],[26.309915061231152,53.231151160297884],[26.317070084516843,53.23543385778635],[26.33764077590115,53.23918086780287],[26.34032391042018,53.256305876015404],[26.351056444899086,53.258446020567476],[26.383254050134383,53.25898103894383],[26.39398658461323,53.265935681586484],[26.394880962186733,53.27609812412919],[26.391664063845496,53.29750879219705],[26.40082249426274,53.30670349586967],[26.40082249426274,53.31567736921528],[26.383238308401246,53.31896002148784],[26.37371354184654,53.32639976653604],[26.381040285281017,53.33974429376423],[26.36867795172617,53.36115925609482],[26.340826998367334,53.355175532325006],[26.307017276526153,53.35551717038118],[26.294424435938993,53.36098301055756],[26.273817968624428,53.364057236852034],[26.21543297864912,53.367472784641336],[26.18108886615829,53.36781432467143],[26.106676624526642,53.37259559281239],[26.090649371970983,53.37703486136979],[26.067180895881677,53.3684973957383],[26.032836784290225,53.3684973957383],[26.011085513285877,53.37942504443032],[25.96758297127718,53.37942504443032],[25.938390475839867,53.38386360162394],[25.921218420493744,53.38864306842294],[25.89259832735098,53.40297824834755],[25.854819803790974,53.38352219019697],[25.827344514337938,53.39069124650388],[25.78727638429774,53.37874214873125],[25.771821533137313,53.38386360162394],[25.7489254593425,53.386936177662506],[25.738049823840356,53.39751779690886],[25.72259497357919,53.398200391335024],[25.689395664778147,53.38283936014841],[25.679664833865047,53.36918045601328],[25.65562395548119,53.358933402554555],[25.65218954441201,53.350392309057895],[25.660775571635384,53.32646814109188],[25.64761032875373,53.31108123011472],[25.64761032875373,53.29945188539625],[25.610976609782767,53.29124102925016],[25.608114600108763,53.287135008973564],[25.61956263790546,53.2785795326194],[25.612121413472494,53.26488720787842],[25.597811366901112,53.25324528344311],[25.594949358126428,53.24331290276831],[25.594376955831876,53.22515466255766],[25.597811366901112,53.21350192467412],[25.578349703276217,53.198074309481854],[25.575487694501533,53.18778614531442],[25.579494506966,53.18229811616516],[25.608687002403315,53.16994748099148],[25.610404207488216,53.163084480164684],[25.606397395023805,53.14660880045585],[25.61326621806154,53.13665168033083],[25.612300288627466,53.11750349069359],[25.60156775414856,53.111061599213485],[25.593518353289426,53.09763789207511],[25.597990242056085,53.06809098820861],[25.59262397571598,53.058954205372345],[25.581891439438436,53.05250354460293],[25.547905079955513,53.04766491500391],[25.525545631625675,53.02453952038263],[25.513918718674006,53.01808370829656],[25.482615491911474,53.012165032490316],[25.45399539876871,53.00247817392864],[25.44684037548302,52.98686699631486],[25.426269683199394,52.97932854617551],[25.428952816819105,52.97071156338802],[25.425375304726572,52.949161588536526],[25.404804613342264,52.9437724164639],[25.374395764153235,52.94215553435049],[25.33146562443909,52.946467085687516],[25.318049956340474,52.946467085687516],[25.31894433391392,52.93568739975376],[25.339515025298226,52.91897357686912],[25.34309253739076,52.90764764362393],[25.32878249081932,52.90441111847838],[25.3243106011534,52.89793734333381],[25.3243106011534,52.87689089260067],[25.341303781344493,52.874191891342775],[25.35203631582334,52.87581131224232],[25.364557607247832,52.86879338340799],[25.363663229674387,52.860154373525575],[25.35471945034243,52.84935319289559],[25.339515025298226,52.84395159399094],[25.318049956340474,52.84287119435021],[25.301056775250004,52.84719263463245],[25.284957973531732,52.85421405733291],[25.294796129537815,52.868253496102],[25.296584885584025,52.880129473596355],[25.290324240771156,52.88606624286285],[25.27959170539293,52.887685220396634],[25.250077233777347,52.8785102136755],[25.22235151910735,52.863394204578924],[25.225034652727118,52.847732784540426],[25.21609087429448,52.845031967551336],[25.19999207167683,52.84557214443896],[25.177632623346938,52.85205374008808],[25.17584386730067,52.86771360160151],[25.165111332821823,52.868253496102],[25.151695663823887,52.86393415213945],[25.132019350013024,52.8515136441394],[25.12396994915389,52.84233098328832],[25.11234303620222,52.843411397318164],[25.104293634443707,52.85367398836394],[25.088194832725378,52.847732784540426],[25.07299040858055,52.84665247752986],[25.071201652534285,52.8515136441394],[25.0846173206329,52.86123434418971],[25.071201652534285,52.88282810613225],[25.071201652534285,52.8893041385752],[25.0837229430594,52.90980519275547],[25.085511699105666,52.92005208253761],[25.07746229734721,52.92652255447234],[25.05420847144387,52.92220901383496],[25.05152533782416,52.89685828638085],[25.033637779160244,52.88984376417841],[25.01843335501536,52.890922995599794],[25.00859519810996,52.895239651488794],[25.003228929971215,52.905489987473004],[24.984446994633174,52.91681648459314],[24.983552617059672,52.92220901383496],[24.988918883399776,52.95023934237179],[24.97639759287466,52.95832164043139],[24.93883372129926,52.96209286199604],[24.920946162635346,52.9513170692274],[24.90842487211023,52.949700468601804],[24.892326069492583,52.95185592231303],[24.861917220303553,52.9513170692274],[24.835085883207,52.9437724164639],[24.812726435776426,52.945928165152736],[24.796627633158778,52.955088902331056],[24.77337380635612,52.96263158198195],[24.760852515831004,52.952394769103364],[24.746542469259623,52.9513170692274],[24.73133804511474,52.95455008881561],[24.73580993478072,52.978790034832286],[24.730443666641975,52.985251724887235],[24.713450486450824,52.989020597422666],[24.697351683833176,52.97448170486683],[24.68930228297404,52.97286597028835],[24.667837214016288,52.95993791820041],[24.6374283648272,52.948083807721616],[24.625801450976212,52.936765489036134],[24.629378963068746,52.92274823024667],[24.64905527687955,52.91519859523902],[24.64905527687955,52.91034456295125],[24.63027334064219,52.90710823925389],[24.60433638111914,52.89362095544277],[24.584660067308334,52.87527151217063],[24.590920713020523,52.86447409430406],[24.60433638111914,52.856374266659145],[24.610597026831385,52.84233098328832],[24.607913893211673,52.834767334145226],[24.596286980260004,52.8288235429722],[24.582871311262068,52.80233677302368],[24.574821910402875,52.79692932582776],[24.583765688835513,52.788276013127586],[24.589131956974313,52.772587495616506],[24.586448823354544,52.76122331510396],[24.568561264690686,52.756893322269036],[24.549779329352646,52.759599617928075],[24.537258038827474,52.75581075706083],[24.52920863706902,52.749314800137995],[24.515792968071082,52.7460664588001],[24.47286282835688,52.74552504444529],[24.443348356741296,52.757975860497595],[24.4165170196448,52.7736696444386],[24.40399572911963,52.77312857272551],[24.370903746310887,52.76176453340656],[24.304719780693347,52.7606820896068],[24.285937844455987,52.76555287626428],[24.273416553930872,52.77150532071403],[24.260895263405757,52.772046411312886],[24.255528995266957,52.75310422577945],[24.243007704741842,52.749314800137995],[24.234063925409885,52.7606820896068],[24.210810099506546,52.7606820896068],[24.191133785695683,52.75472816487297],[24.160724937405973,52.766635199554855],[24.167879959792344,52.78719422853089],[24.165196826172632,52.794766159530695],[24.13210484336389,52.81098728883239],[24.116900419219007,52.80828418756528],[24.11332290712653,52.796388544595686],[24.107062261414285,52.78935777164389],[24.09006908122319,52.78394871106423],[24.068604011366062,52.78394871106423],[24.052505209647734,52.788276013127586],[24.036406407030086,52.78935777164389],[24.02120198198594,52.77475176538172],[23.991687511269674,52.77637489688402],[23.949651749128975,52.77583386024452],[23.940450599115934,52.7768130267998],[23.941602348269782,52.712486080268434],[23.928186679271903,52.700564245443616],[23.90851036546104,52.69243385343964],[23.895989074935926,52.681590975743006],[23.895094696463104,52.67237241215713],[23.869157736940053,52.66803359157706],[23.83964326622379,52.65501454518517],[23.78598059113142,52.62570751029341],[23.750205474702966,52.60398593490305],[23.740367317797507,52.59964032624009],[23.71979662551388,52.60778798792535],[23.70101468927652,52.607244857664114],[23.637513857278748,52.60072676842566],[23.616048787421676,52.59638083690618],[23.53734353127902,52.56920899489927],[23.51766721746816,52.561597860652796],[23.45953265270981,52.53331636765631],[23.43985633889895,52.52188982995176],[23.395137443138537,52.488136989330656],[23.376355506901177,52.47070602726143],[23.356679193090315,52.45980816861214],[23.316432186995883,52.421644413259116],[23.303016517997946,52.394364346837165],[23.286917716279618,52.38344759612971],[23.267241401569493,52.374166234684026],[23.24041006447294,52.34576407695067],[23.207318081664198,52.30804841150501],[23.17959236609488,52.273584282688546],[23.193008035092816,52.27413154173729],[23.203740569571664,52.25387845492679],[23.194796791139026,52.23197281799122],[23.197479924758795,52.21663243793671],[23.226994395475003,52.207864127127834],[23.24309319809265,52.206767965968936],[23.261839359299017,52.200519334299884],[23.277294209560182,52.20367664805889],[23.303624695323492,52.20367664805889],[23.311638321151634,52.195958374879126],[23.342548021673906,52.197712645522245],[23.360292480213843,52.19174784348826],[23.382616152613423,52.188238761709556],[23.395208993200526,52.18297462058234],[23.41352585313564,52.16577408280773],[23.423256684948115,52.164369663729076],[23.44672516103742,52.167880628688124],[23.469048834336263,52.16858278786543],[23.48679329197688,52.164369663729076],[23.490227703046116,52.15945384711739],[23.49308971272012,52.141892928515915],[23.516549245051692,52.13796409716542],[23.52074164161354,52.119948512813664],[23.53471629592036,52.119948512813664],[23.54449855456471,52.11651614680278],[23.551485882167754,52.10364242186034],[23.561268140812103,52.10793407659639],[23.58642251928387,52.10793407659639],[23.604589571051918,52.10535913321746],[23.615769294317545,52.093340765164214],[23.617166759838142,52.083895489685176],[23.640923673688633,52.07358927252699],[23.64930846681233,52.0615623447265],[23.64511607025048,52.05296969849286],[23.65897892803514,52.03048351949889],[23.656295793516108,52.00901826977736],[23.678655241846002,51.9936009680103],[23.68223275303916,51.98478869744048],[23.66434519527462,51.96936304996484],[23.6634508168018,51.954483289172515],[23.643774502990993,51.94566332220461],[23.636619479705303,51.937393027166536],[23.637513857278748,51.925260503669335],[23.626781322799843,51.913124699445405],[23.617837543467886,51.90926261937443],[23.617837543467886,51.90043375991013],[23.627675700373345,51.88442702898425],[23.626781322799843,51.87393676916662],[23.615154409848174,51.863444061394375],[23.61247127622846,51.84963413770532],[23.607999386562483,51.843556427587146],[23.603527496896504,51.825871152531704],[23.620520677087654,51.81260263690223],[23.634830723659036,51.79379888491064],[23.636619479705303,51.78494734634302],[23.630214303047694,51.77285776547353],[23.61592715231626,51.75993502118433],[23.594807312407568,51.759835486918234],[23.59760224344882,51.74945460624514],[23.583627588242678,51.744263270633496],[23.56685800289455,51.74772422699152],[23.536113761441015,51.729551245993264],[23.53471629592036,51.71829764342158],[23.540306158002863,51.70704123856234],[23.551485882167754,51.694049598110496],[23.551653577850402,51.67526575531042],[23.548076066657188,51.646416351233654],[23.540921043371497,51.64197635062811],[23.540026664898733,51.62199096950769],[23.54628731061092,51.61143957917329],[23.538237909751786,51.59755243249879],[23.538237909751786,51.58588394748625],[23.56328049080207,51.563093979303744],[23.56328049080207,51.55475333120131],[23.57401302618024,51.541961366324074],[23.564174869274837,51.52972220841326],[23.56328049080207,51.52304491668963],[23.576696159800008,51.51469692472335],[23.608893764135985,51.51302714358786],[23.62409818918013,51.503007166247755],[23.629464456419555,51.491314407633865],[23.652718282322894,51.486859234566055],[23.66613395132083,51.49298498556868],[23.669711462514044,51.50022344795383],[23.667028328894332,51.50857409202081],[23.64466888056444,51.53639852077515],[23.6634508168018,51.571433098558714],[23.632147590039324,51.58199378608441],[23.622309433133864,51.58810674692887],[23.62141505556042,51.6014412620047],[23.646457636610705,51.622546237918584],[23.660767683182087,51.62698814059024],[23.705486578942498,51.63698083070085],[23.73231791603905,51.64031123877271],[23.76719865489406,51.64808123915793],[23.792241236843665,51.646416351233654],[23.802079393749068,51.63253990739088],[23.80923441703476,51.6280985479097],[23.872735249032587,51.62976410852684],[23.902249719748795,51.623656754056015],[23.902249719748795,51.6147718614323],[23.888834051650235,51.60033020177747],[23.887939673177414,51.589773775239564],[23.93265856893788,51.586995361147046],[23.951440505175242,51.579214895351186],[23.95770115088743,51.57365660486846],[23.977377464698293,51.571433098558714],[24.000631290601632,51.571433098558714],[24.018518848366227,51.57421246413395],[24.048927697555257,51.586995361147046],[24.074864657078308,51.59588568927319],[24.11063977350682,51.63142960799007],[24.11511166317274,51.643086391923475],[24.128527332170677,51.650855916567366],[24.154464291693785,51.658069283370764],[24.18129562879028,51.66916452792066],[24.21170447797931,51.67471113171342],[24.2519514840738,51.697445107205965],[24.280571577216563,51.70742227052142],[24.314557937598806,51.72626202147518],[24.318135449691283,51.74066359384983],[24.302036647073635,51.7578287028324],[24.30561415826685,51.76945297447526],[24.297564757407656,51.77996759243052],[24.302036647073635,51.79269253803028],[24.318135449691283,51.81702591011771],[24.330656740216455,51.82863493465459],[24.35569932126674,51.859577709543714],[24.36911499026462,51.865100967835474],[24.412939508451586,51.86896684394475],[24.464813427497745,51.87007131933598],[24.5005885439262,51.88056248117363],[24.515792968071082,51.88332290612726],[24.558723107785227,51.884979080520225],[24.57839942159609,51.89270708436453],[24.601653247499428,51.89049921906377],[24.641005876020415,51.88332290612726],[24.67230910278289,51.88111457947434],[24.704506708018187,51.885531124861586],[24.725077399402494,51.87117576774756],[24.744753714112676,51.86786234157387],[24.767113161543193,51.87117576774756],[24.79752201073228,51.88332290612726],[24.813620813349928,51.89933003005689],[24.83061399354102,51.903192964483765],[24.84671279615867,51.888843248816954],[24.874438510828668,51.89325903427704],[24.895009203112295,51.903744785793265],[24.92184054020879,51.90098561449457],[24.941516854918973,51.89105119505666],[24.95940441268357,51.887187217416226],[24.996073907584844,51.9015374618844],[25.010383954156225,51.9087108664134],[25.043475936964967,51.9340844825129],[25.068518518015253,51.94235538729134],[25.098927367204283,51.94621462100798],[25.132019350013024,51.94841974787312],[25.205358338916255,51.958341479675596],[25.22235151910735,51.95999488775391],[25.280486083865753,51.95944375802304],[25.318049955441154,51.941804040823854],[25.33057124686559,51.931327175508784],[25.343986914964205,51.926915131228384],[25.36902949691381,51.925260503669335],[25.386917055577726,51.92084786313842],[25.442368485817042,51.913124699445405],[25.456678532388423,51.913124699445405],[25.47456609105234,51.91698644766649],[25.491559271243432,51.9291212077776],[25.50050304967607,51.930775693243675],[25.54522194543648,51.92967270982774],[25.555954480814705,51.925812052484275],[25.585468951530913,51.92139946681198],[25.60603964381454,51.92084786313842],[25.662385452526678,51.912021281656905],[25.691899923242886,51.91146956287008],[25.720520016385706,51.913124699445405],[25.758083888860426,51.91367639754776],[25.772393935431808,51.91533145318408],[25.783126470810032,51.92360581405711],[25.78044333719032,51.94014996185132],[25.786703982003246,51.94621462100798],[25.819795964811988,51.943458058642534],[25.832317255337102,51.9340844825129],[25.840366657095615,51.92415738355646],[25.877930529570335,51.92470894676052],[25.917283157192003,51.91643478913426],[25.93338195980965,51.91808974314716],[25.948586384853854,51.92470894676052],[25.967368320191895,51.92856969853284],[25.984361501282308,51.92967270982774],[26.007615326286327,51.92801818299279],[26.04875671085358,51.918641380095664],[26.063066757424963,51.9109178368887],[26.097053117807206,51.9109178368887],[26.103313763519395,51.90540020655436],[26.133722612708482,51.889947235876264],[26.160553949804978,51.87338458273234],[26.181124642088605,51.865100967835474],[26.214216624897347,51.86178709469874],[26.270562432710165,51.86786234157387],[26.319753218136555,51.857920600755165],[26.357317090611275,51.862339423225876],[26.39935285275203,51.86896684394475],[26.39845847427921,51.838583146095345],[26.402035986371743,51.83029312262954],[26.4387054803737,51.82974040019934],[26.453909905417845,51.82034307926972],[26.453909905417845,51.81426141573178],[26.465536818369515,51.807072935867325],[26.47895248646813,51.807072935867325],[26.49773442270549,51.797117764573215],[26.522777004655097,51.79269253803028],[26.541558940892457,51.795458355318885],[26.55676336503734,51.80154255674364],[26.571073411608722,51.81813165984829],[26.58627783665287,51.82310720043699],[26.609531661656888,51.82255438987323],[26.650673046224142,51.815920132508154],[26.66408871432276,51.81647302401092],[26.69002567384581,51.820895916813186],[26.72132890150766,51.81481432791895],[26.745477104984445,51.82034307926972],[26.758892773083062,51.810943797818084],[26.764259041221806,51.80209562451353],[26.766942174841574,51.78550061825899],[26.77946346536669,51.771666781596764],[26.796456645557782,51.77055989152581],[26.800034157650316,51.76336444371418],[26.810766692129164,51.75672147371711],[26.82149922750739,51.7578287028324],[26.832231761986293,51.76336444371418],[26.85011932065015,51.76557854941058],[26.879633791366416,51.75838230749753],[26.89752135003033,51.75063122615023],[26.917197663841137,51.75229228386189],[26.933296466458785,51.75063122615023],[26.96370531564787,51.74287881380627],[26.98248725188523,51.7578287028324],[27.00037480964977,51.76613205874759],[27.077291310645535,51.76613205874759],[27.088023845124383,51.77000643614815],[27.11127767102772,51.77388048079962],[27.1586797004079,51.76834602954568],[27.20518735221458,51.76723905763646],[27.20965924188056,51.67859335030295],[27.206976107361527,51.66805512604327],[27.24096246864309,51.66528150173997],[27.269582561785853,51.6591789298638],[27.27584320659878,51.65252064171432],[27.26868818331309,51.63642573945634],[27.253483759168205,51.62310149913492],[27.245434358309012,51.603663300620894],[27.25974440488045,51.60255229435296],[27.28478698593068,51.60810705139937],[27.300885788548328,51.60699615394941],[27.325928370497934,51.60033020177747],[27.344710306735294,51.610328763561654],[27.373330399878114,51.61310575132944],[27.38585169040323,51.60866248978215],[27.42162680683174,51.610328763561654],[27.45471878964048,51.61921452582976],[27.47350072587784,51.613661127658986],[27.491388283642436,51.598663561074545],[27.50390957506687,51.593107648399325],[27.51374773197233,51.5953300953077],[27.506592708686583,51.610328763561654],[27.505698330213818,51.62032512380546],[27.51106459835256,51.62476724321374],[27.52738432752477,51.62706977205238],[27.52139963158777,51.63821434351718],[27.51980962661304,51.651040889125795],[27.508679589991118,51.665836240450176],[27.50231956919282,51.687527351306244],[27.48800952262144,51.71117853366246],[27.48959952849549,51.72693912104364],[27.50231956919282,51.73383265115598],[27.53570967815915,51.73580203783382],[27.559559755478404,51.754506932748825],[27.540479693982718,51.776155557832794],[27.554789740554156,51.801726913266464],[27.557969751402936,51.81647302401092],[27.545249708906965,51.82630108512706],[27.524579642436606,51.85282614101362],[27.507089585016388,51.854790337704],[27.527759652386123,51.86853731874231],[27.536345680508816,51.881534170765406],[27.542451301086714,51.89660738202514],[27.54346890376695,51.9141864066774],[27.53024006083018,51.939914709995946],[27.529222457250626,51.95308691003294],[27.54041609392766,51.965001281384104],[27.570944193219987,51.981300027574264],[27.592313862994445,51.98756719786792],[27.60961311935,51.99696630844841],[27.62792997838585,52.01262710885402],[27.62792997838585,52.02703020557959],[27.620806755127717,52.037047016406746],[27.60961311935,52.04268048571589],[27.59638427551397,52.04268048571589],[27.58519063883699,52.048939063886735],[27.58519063883699,52.05832528808162],[27.5780674155788,52.065832847408046],[27.55160973060464,52.067083985137856],[27.539398490348105,52.075215521978805],[27.53838088676855,52.10460180422996],[27.54041609392766,52.123348887241434],[27.539398490348105,52.13771631235801],[27.54855691986603,52.15270346928975],[27.559750557442328,52.16456472488221],[27.562803366382298,52.17267849921342],[27.54957452344553,52.18453443081938],[27.55669774670372,52.19701094589851],[27.56992658964043,52.206366033765505],[27.58010262273791,52.20823681517692],[27.567891383380697,52.22133007901999],[27.562803366382298,52.24189741143647],[27.55160973060464,52.24937407815122],[27.53532807782858,52.26930569959842],[27.513958407154803,52.26930569959842],[27.48546551502153,52.289228362898655],[27.423391712857324,52.288605915130915],[27.426444522696613,52.30354224597795],[27.393881217144497,52.313497001785265],[27.393881217144497,52.32344951828071],[27.378617166149354,52.32531536601141],[27.297208901369743,52.32469342546125],[27.281537810021973,52.32733039328309],[27.277630214362944,52.335290096660685],[27.28609667312304,52.339667323688104],[27.288701738394536,52.34961395502006],[27.274373883447993,52.36433086207967],[27.276327681277508,52.370295780126185],[27.29535417735343,52.391327857894396]]]},"properties":{"slug":"brest","name":"Брестская область","level":"region"}},{"type":"Feature","geometry":{"type":"Polygon","coordinates":[[[31.166530930358192,54.475632097543325],[31.144922058006614,54.48280626289875],[31.131506389008678,54.49163827718479],[31.10378067343936,54.504103756683094],[31.08052684843534,54.51137352986456],[31.091259382914245,54.53058027705822],[31.091259382914245,54.53940196982512],[31.101097539819648,54.545627899907686],[31.12256260967672,54.551334167537846],[31.126140121769254,54.56689265926889],[31.12524574419581,54.57881681614322],[31.135978278674656,54.59073748544665],[31.161915238197764,54.59747371154259],[31.171753395103167,54.60783496181409],[31.171753395103167,54.619747140618074],[31.187852197720815,54.631138135316746],[31.192324087386794,54.644078576465176],[31.18874657529426,54.650805978413246],[31.206634133958175,54.66167096774103],[31.194112843433004,54.676670225050884],[31.185169064101103,54.68235814920928],[31.166387127863686,54.6864943210561],[31.145816435580116,54.679255743557746],[31.111830075197872,54.678221556479684],[31.084104359628554,54.679255743557746],[31.06889993548367,54.6849433061887],[31.02686417334297,54.67977282765395],[31.00003283624642,54.68597732329488],[31.010765370725323,54.705101879648055],[31.00987099315188,54.71853536511509],[30.966940853437677,54.7221513124332],[30.96515209739141,54.7314479812394],[30.95620831805951,54.73919357672224],[30.932954492156114,54.750034921974134],[30.91327817834531,54.766033509538886],[30.873031172250876,54.766033509538886],[30.857826748105992,54.77016115131613],[30.851566102393747,54.78769893126071],[30.8408335679149,54.798527290302275],[30.799692183347645,54.801620575029574],[30.776438357444306,54.80729098129382],[30.764811444492636,54.81244520548188],[30.762128310872924,54.82120587834868],[30.77464960229736,54.84335674691641],[30.79611467215443,54.87578839981484],[30.80148093939391,54.88093388259267],[30.81668536353874,54.88041936426231],[30.82920665496323,54.88710759533933],[30.82205163167754,54.903566205016375],[30.8408335679149,54.91487759712345],[30.83099541011012,54.93594943931521],[30.830101032536675,54.95084724950101],[30.847094212727768,54.954956019005124],[30.93474324820238,54.954956019005124],[30.94637016115405,54.962658829241605],[30.95173642839353,55.00063775143116],[30.94637016115405,55.00781891171346],[30.924905091296978,55.01910099491505],[30.925799468870423,55.03037990440913],[30.947264538727552,55.03704322246682],[31.00987099315188,55.036530698832735],[31.016131637964747,55.04216809817922],[31.013448504345035,55.05139122222715],[31.002715969866188,55.06214884869047],[30.98661716724854,55.08775061200117],[30.984828411202272,55.09798673060317],[30.992877812960728,55.114870596400976],[30.99377219053423,55.1256111618257],[31.0053991034859,55.1404386216451],[30.98125090000906,55.14452798647744],[30.97499025429687,55.16037031773601],[30.987511544821984,55.16701200350121],[30.9723071206771,55.178249259995425],[30.97767338791658,55.18897277607283],[30.954419562013243,55.199182966320905],[30.929376980962957,55.20071426984771],[30.91596131196502,55.217554714578455],[30.915066934391575,55.23387803924015],[30.898073754200425,55.241017388241914],[30.893601864534446,55.251214235248824],[30.894496242107948,55.265995016656746],[30.8408335679149,55.27058103838425],[30.82652352134346,55.27822323071757],[30.818474119585005,55.286882603949095],[30.81757974201156,55.3235366610881],[30.828312276490408,55.3342210485626],[30.84351670153461,55.34134237335189],[30.900756887820194,55.363207010195424],[30.91596131196502,55.372864283759725],[30.924010713723533,55.383027288378685],[30.927445124792712,55.40161882644776],[30.92515551741326,55.415917186329125],[30.910845470841878,55.430535156272526],[30.895963021975945,55.45618473024115],[30.89653542427044,55.47565428092037],[30.924583115118708,55.4805201662727],[30.942899975053876,55.49316865780736],[30.936031152915405,55.502571313515375],[30.915424685600783,55.51715719834607],[30.910273068547326,55.525906134160834],[30.915424685600783,55.53335739772575],[30.93474324820238,55.54072628069338],[30.948158917200317,55.549328311352554],[30.949053294773762,55.556916776388164],[30.93921513786836,55.58068447670729],[30.933848870628935,55.61454123309147],[30.926693847343245,55.62110707003529],[30.891813108488236,55.611510475528064],[30.88286932915628,55.62161208882691],[30.869453661057662,55.62918659098841],[30.848882968774035,55.61908692921844],[30.841727945488344,55.611005326334805],[30.815790985965293,55.59281562873832],[30.80058656182041,55.58776143704074],[30.772860846251092,55.588266885708265],[30.76302268934569,55.59129943921778],[30.740663241015795,55.6261569656715],[30.733508217730105,55.65694724431995],[30.719198171158723,55.6599744891314],[30.68521181077648,55.639788435088235],[30.66911300815883,55.65694724431995],[30.66911300815883,55.666028275484564],[30.64764793830176,55.67208112654282],[30.644070427108602,55.67762875016672],[30.648542315875204,55.686704983448294],[30.64764793830176,55.69981138009115],[30.63602102535009,55.71795144590254],[30.623499734824975,55.73054375858766],[30.611872821873305,55.73608309046233],[30.566259548539392,55.74615258807154],[30.5492663683483,55.744642329579904],[30.529590053638117,55.74816617552864],[30.514385629493233,55.76477431008641],[30.512596873447023,55.78841611251363],[30.50186433896812,55.8050071068925],[30.483976780304204,55.81103844346944],[30.449096041449195,55.8115410125078],[30.4312084836846,55.808525500251676],[30.418687192260165,55.80953069678429],[30.409743413827528,55.81656634765886],[30.360552628401138,55.81204357525087],[30.350714471495735,55.82711743851905],[30.339087558544065,55.829629182041174],[30.311361842974748,55.82912684592725],[30.29079115069112,55.836661198755394],[30.291685529163885,55.847708942913414],[30.28810801707141,55.85875354753824],[30.2675373256871,55.86477655459436],[30.227290319592612,55.86578029872186],[30.204036493689273,55.86929319722333],[30.180782667785934,55.86929319722333],[30.17988829021249,55.849215210213856],[30.162000731548574,55.84620261715713],[30.150373818596904,55.84118111041994],[30.147690684977192,55.83063383358461],[30.12622561512012,55.82460553401825],[30.10923243492897,55.82510792768875],[30.082401097832474,55.847708942913414],[30.063619161595057,55.847206840623244],[30.04394284688493,55.86126324780071],[30.028738422740048,55.86828954392735],[29.97507574764768,55.88033166757248],[29.943772520885204,55.86477655459436],[29.932145607933535,55.86578029872186],[29.916046805315887,55.871802215799676],[29.891898601839046,55.870798628154205],[29.870433531981973,55.86427467353741],[29.86059537507657,55.855239695755415],[29.8480740845514,55.83264305932977],[29.82213712502835,55.81304868095191],[29.8060383224107,55.80752027763873],[29.797988921551564,55.79545557921165],[29.783678874980126,55.78942182885436],[29.7631081826965,55.78841611251363],[29.748798136125117,55.79093035345312],[29.746115002505405,55.79847210410435],[29.73269933350747,55.808525500251676],[29.69155794983959,55.796963870885975],[29.668304123936196,55.792941630551866],[29.6414727868397,55.79042751821544],[29.59854264622618,55.77634549474885],[29.571711309129682,55.76376795792498],[29.5663450418902,55.75370300638866],[29.567239419463704,55.738600708356046],[29.55203499531882,55.73457244166491],[29.525203657323004,55.71644009563397],[29.49568918660674,55.70485113227397],[29.482273517608803,55.703339274787766],[29.46706909346392,55.71089797676029],[29.440237756367424,55.7300401445371],[29.416089551991263,55.74514575567213],[29.393730104560746,55.75571620443935],[29.362426877798214,55.75823255608765],[29.350799964846544,55.76276157968323],[29.349011208800277,55.770811878965105],[29.356166232085968,55.78238127127872],[29.360638121751947,55.800482990897365],[29.367793145037638,55.81204357525087],[29.385680703701553,55.82309831253713],[29.392835726987244,55.83967453195413],[29.386575081275055,55.863772785285846],[29.398201994226724,55.872304000629185],[29.40625139508586,55.88384325036577],[29.395518860606956,55.892871574963294],[29.39194134851448,55.90139639792545],[29.398201994226724,55.90991934759984],[29.447392779653114,55.91392950014637],[29.46706909346392,55.92996596086044],[29.45544218051225,55.943491563884606],[29.431293977035466,55.94849984788971],[29.431293977035466,55.957012445468024],[29.439343377894602,55.969027042663924],[29.426822087369487,55.97403202435851],[29.397307616653222,55.97603383609271],[29.37137065713017,55.975032942816085],[29.3499055872731,55.97703470238963],[29.32441581653677,55.994670730569794],[29.296466506124432,55.99857833522202],[29.271312127652607,55.999359809207874],[29.216810973247846,55.993107577552735],[29.207028715502872,55.99857833522202],[29.207028715502872,56.01498596323165],[29.198643922379176,56.02435862295215],[29.18327180165238,56.03216743537888],[29.16230981974246,56.03607124848941],[29.145540233495012,56.032948229477256],[29.120385855023244,56.03138662509275],[29.1078086653377,56.03763266311694],[29.08405175238653,56.04153592404373],[29.05191004631166,56.040755303514516],[29.023960735899266,56.03607124848941],[29.008588616071847,56.02748233714021],[28.989024098783204,56.02357765528461],[28.958279858228934,56.02045362453521],[28.934522945277763,56.01342363219493],[28.923343221112816,56.000922708616145],[28.8814192563936,55.994670730569794],[28.854867412401234,55.982945544201584],[28.85346994688058,55.96417784962813],[28.836700360633188,55.96339566427855],[28.80875105112017,55.970434759556554],[28.754249896715407,55.96261346364048],[28.731890449284833,55.961049015599656],[28.727698052722985,55.970434759556554],[28.716518328558095,55.97903635854118],[28.711319757001263,56.02754480944543],[28.705059111289017,56.04053672688849],[28.68001653023873,56.04303467211247],[28.66034021642787,56.064011021591455],[28.664812105194528,56.083977892865505],[28.67733339661902,56.09196174483873],[28.67286150695304,56.097948547887256],[28.65139643709597,56.09744968315641],[28.629875468078467,56.10237568908684],[28.61450334825099,56.11016871481439],[28.597733762003543,56.11406463637394],[28.575374314573025,56.11172713020295],[28.504103574820192,56.107830973021066],[28.4747567988872,56.10315506315567],[28.45379481697728,56.10159629972952],[28.431435368647385,56.11016871481439],[28.414665783299313,56.109389482838424],[28.400691128093115,56.10237568908684],[28.39510126601067,56.08444574177764],[28.39789619705192,56.072747800370735],[28.353177301291453,56.07352777428741],[28.337805181463978,56.06806762951754],[28.31544573313414,56.06806762951754],[28.311253336572292,56.07976699185326],[28.302868544347916,56.09068319217562],[28.273521768414923,56.091462802766216],[28.27771416497677,56.10315506315567],[28.27771416497677,56.1179601631311],[28.2539572520256,56.12263427435232],[28.23998259681946,56.13976782522502],[28.227405408033178,56.14755327956027],[28.193866235538394,56.149888608472565],[28.170109322587223,56.16000672702887],[28.17709665019032,56.17090018259739],[28.172904253628474,56.18490151349408],[28.14774987515665,56.17712362695386],[28.12259549578556,56.17478995279413],[28.103030979396237,56.16234129871202],[28.086261393148845,56.14599631477813],[28.073684203463245,56.14677480481345],[28.049927290512073,56.13743188117644],[28.04713235947088,56.128865539213336],[28.031760239643404,56.12575003313759],[28.01918304995786,56.13042319827201],[27.994028670586715,56.12964437638692],[27.970271757635544,56.124971116823644],[27.966079361073696,56.11250631451486],[27.95070724124622,56.109389482838424],[27.940924982601928,56.095360617398626],[27.93673258604008,56.075867598910634],[27.90878327652706,56.05402370672874],[27.87244917389029,56.05714502062625],[27.859871984204744,56.0493412614901],[27.813755622923736,56.03841334749802],[27.830525209171128,56.01967257772736],[27.80956322636183,56.01029878126377],[27.81655055396493,56.00170413493794],[27.794191106534413,55.982945544201584],[27.76204939956017,55.9821637383659],[27.717330503799758,55.96261346364048],[27.655842022691218,55.92896387598216],[27.66143188477372,55.92035114518927],[27.6334825752607,55.89058334444587],[27.63767497182255,55.86392962615139],[27.643264833005674,55.84745789266765],[27.641867367485077,55.83176403588163],[27.6334825752607,55.812923043863464],[27.622302851095753,55.79407292732378],[27.60972566141021,55.78385863616717],[27.555224507904768,55.782286969268284],[27.524480266451178,55.78385863616717],[27.497928422458756,55.789358971639274],[27.46578671638389,55.793287307463345],[27.43783740687087,55.793287307463345],[27.41268302749978,55.798000787406465],[27.367964131739313,55.81056727875699],[27.345604684308796,55.80035731333942],[27.326040167020153,55.79957182118267],[27.29669339198648,55.782286969268284],[27.267346616952864,55.78778752687293],[27.25057703070547,55.795644119380654],[27.235204910877997,55.807426035882884],[27.208653065986255,55.832548878727835],[27.180703756473235,55.835688093630665],[27.17511389439079,55.84275040131001],[27.14856205039837,55.849026929948934],[27.12760006758907,55.85059590427761],[27.08986849943176,55.827054643357144],[27.07589384512488,55.830194301625795],[27.05213693127439,55.83097917684756],[27.017200294158272,55.827054643357144],[26.989250984645253,55.81763414779772],[26.96968646735661,55.8058553195674],[26.952916882008537,55.79171602097762],[26.933352364719894,55.79093035345312],[26.92077517593367,55.78464444578458],[26.908197986248126,55.76892523890871],[26.891428400000734,55.742974683434966],[26.877453745693856,55.733533836217646],[26.878851211214453,55.71936828371935],[26.864876556008312,55.7099217267064],[26.83832471201589,55.705197591595606],[26.808977936982274,55.69811031783695],[26.78382355761113,55.680780459350785],[26.76286157570121,55.67999255611164],[26.744694523933163,55.68393191402669],[26.736309730809467,55.69338475460279],[26.715347748899546,55.7028353100016],[26.662244060015382,55.705984986717795],[26.639884612584865,55.69653519304478],[26.632897284981766,55.67684078397508],[26.632897284981766,55.66028981302452],[26.641282078105462,55.649251943422485],[26.632897284981766,55.63899970627148],[26.635003544877748,55.596474456630915],[26.63328633979279,55.5803002620475],[26.62126590060086,55.562824645940736],[26.589211395489542,55.53627272550591],[26.575473751212712,55.52946995857178],[26.5382676299472,55.520721814160424],[26.52452998477105,55.51359225877576],[26.522777004655097,55.50427327868891],[26.53708705122648,55.49819449478014],[26.536192672753714,55.4829934278045],[26.55586898746384,55.46930745227718],[26.560340877129818,55.46170207908773],[26.54692520813188,55.45460240637601],[26.54424207451217,55.448008709334545],[26.549608341751593,55.43887715515666],[26.56302401074953,55.43431058576499],[26.549608341751593,55.42771349738007],[26.55139709779786,55.41857724694245],[26.564812765896477,55.40791561681232],[26.549608341751593,55.40639229207068],[26.55139709779786,55.3952194477194],[26.56123525470332,55.386583723060426],[26.521882626182276,55.37692979857138],[26.505783824464004,55.36930661520819],[26.482529998560608,55.36473199958215],[26.45480428299129,55.34337680259739],[26.46732557351646,55.335747154907324],[26.493262533039513,55.33269488376192],[26.540664562419693,55.3235366610881],[26.56302401074953,55.31641213651096],[26.58627783665287,55.31590319307793],[26.609531661656888,55.317938928139085],[26.623841708228326,55.32811603772501],[26.673032493654716,55.3337123335574],[26.71596263336886,55.319465661311256],[26.773202819654443,55.31895675654914],[26.800034157650316,55.3169210736487],[26.82149922750739,55.30979535926849],[26.84028116374475,55.30114098446893],[26.84028116374475,55.285354617121925],[26.832231761986293,55.27465705727741],[26.82149922750739,55.26701417876137],[26.754420883417083,55.248155455709764],[26.73206143598651,55.23591798402782],[26.73206143598651,55.22214632649184],[26.72758954632053,55.20836989985105],[26.68376502903294,55.18744102198565],[26.69002567384581,55.17875996879758],[26.707913232509725,55.165479404950645],[26.684659406606386,55.15985937331146],[26.668560603988738,55.153216495944605],[26.642623644465687,55.153727525804754],[26.623841708228326,55.13992742181313],[26.619369819461667,55.14861693222571],[26.59164410389235,55.14606139082059],[26.56123525470332,55.13992742181313],[26.541558940892457,55.139416214786536],[26.535298295180212,55.149639103461936],[26.519199492562564,55.155260575814964],[26.491473777892566,55.14759473490915],[26.46017055023077,55.12663392211789],[26.42439543380226,55.13686008432546],[26.396669719132262,55.13379251031614],[26.381465294088116,55.14350568483951],[26.361788980277254,55.14606139082059],[26.33048575351478,55.13634883772875],[26.31885884056311,55.126122545119415],[26.292027502567237,55.11742813609965],[26.275034322376143,55.11742813609965],[26.257146764611548,55.11435906921571],[26.235681694754476,55.104638801739384],[26.240153584420455,55.09491616994535],[26.256252386138783,55.086214968346155],[26.268773677563217,55.074951778102104],[26.26698492151695,55.06573408146272],[26.25267487494557,55.06163664611438],[26.23657607232792,55.05139122222715],[26.2410479619939,55.04011822667485],[26.237470449901366,55.029354679974574],[26.224054781802806,55.01448598174272],[26.209464067612657,55.004348392864074],[26.22483736195477,54.99409664764221],[26.24579934476401,54.98607913494419],[26.25278667146779,54.97886200357868],[26.258376533550233,54.96201698489597],[26.27791631048939,54.939743101662884],[26.28772330948317,54.94115145797343],[26.305890360351896,54.953190584178174],[26.315672618996246,54.95640040845217],[26.347814325071113,54.95640040845217],[26.356243836983538,54.960728129599545],[26.35109221993008,54.97124315494767],[26.364257462811736,54.98011306576541],[26.386008733816084,54.97452853576334],[26.414628826958847,54.96237128360792],[26.440959312722157,54.95546958585277],[26.458131368967543,54.954154841772606],[26.477020630297886,54.94692298310923],[26.495337490233055,54.94495043171713],[26.51880596632236,54.94922417015937],[26.567460125384514,54.93738808928896],[26.574328947522986,54.93278422860931],[26.601804236976022,54.94067623911718],[26.614969479857677,54.95481221920858],[26.602376638371197,54.96302852704497],[26.612107470183673,54.96960036336611],[26.636148348567474,54.97222879752104],[26.655037609897818,54.97222879752104],[26.693388535752376,54.9636857587908],[26.699112553301745,54.95974220553842],[26.733456665792517,54.94922417015937],[26.750056319743408,54.9610567661569],[26.76436636631479,54.96500019080622],[26.77466959952244,54.96237128360792],[26.803862094959754,54.96237128360792],[26.815882534151683,54.958756256296226],[26.81759973923664,54.981098490702834],[26.815882534151683,54.99784701123065],[26.827902973343612,54.99981696538072],[26.856523066486375,54.9935784438901],[26.89201198176761,55.009008809209206],[26.920059673515198,55.00277171674139],[26.949824570347687,54.988652610629515],[26.957838196175885,54.98306926773256],[26.953831382812098,54.96960036336611],[26.961845009539616,54.962699906675425],[27.005919952943543,54.96467158662449],[27.035684849776032,54.97321441581272],[27.060298130454385,54.970914602027335],[27.07002896226686,54.97321441581272],[27.071173765057267,54.98602525206377],[27.080904597769006,54.991608183071264],[27.098649055409624,54.988652610629515],[27.129558755032576,54.988981017859714],[27.14844801726224,54.983726172125216],[27.16504767121313,54.984711508029704],[27.17878531548996,54.99292170137545],[27.207977810927275,54.99292170137545],[27.2314462879159,54.97978458569014],[27.268652408282094,54.984711508029704],[27.277238436404787,54.97584261254656],[27.26979721197182,54.958756256296226],[27.297844903719408,54.93903219837733],[27.32188578210321,54.929495433067814],[27.329327006536175,54.92127226880024],[27.319596174723756,54.908111709587786],[27.322350858405457,54.891222878633016],[27.344710306735294,54.88967969686058],[27.357231597260466,54.88402085677717],[27.367964131739313,54.87218617075524],[27.376013533497826,54.857774034943816],[27.392112336115474,54.85005112845687],[27.41268302749978,54.847476498042],[27.45203565512145,54.85211071443797],[27.475289481924108,54.842841748348064],[27.486022016403012,54.83563108041011],[27.502120819020604,54.82996465094794],[27.51106459745324,54.823782185999164],[27.511958975926063,54.80986817567583],[27.504481976462102,54.80201237367214],[27.514785210569073,54.793763169534714],[27.523371237792446,54.80135249971812],[27.543977705107068,54.805971394364406],[27.554853340609213,54.805311584262256],[27.565728976111416,54.79706305371701],[27.56229456504218,54.77131681521888],[27.565728976111416,54.76273109376501],[27.57660461161356,54.75942840819454],[27.63327239650397,54.757116367226615],[27.659030479972728,54.753813223001885],[27.67162332055983,54.74423258156844],[27.700815815997146,54.74026751563338],[27.708829442724664,54.73597158821826],[27.715125862568527,54.71646896407151],[27.711119049204797,54.70754090398958],[27.711119049204797,54.68173768714462],[27.71569826486308,54.66386430809138],[27.723711890691277,54.657573655599776],[27.756911198593002,54.643002088875335],[27.763780021630737,54.63107601104912],[27.769504040079426,54.61417474696708],[27.77809006820212,54.605224175055696],[27.789538105099496,54.602240214614255],[27.813578983483353,54.602240214614255],[27.83075103972874,54.609533955627626],[27.856509123197554,54.60986545832429],[27.87310877714839,54.62212915783442],[27.89314284216846,54.62610578005774],[27.907452888739897,54.6015770824165],[27.93664538417721,54.59925603473829],[27.969844692078937,54.604892634587486],[27.997319981531973,54.6002507856453],[28.007050813344392,54.584995268317016],[28.021933262210325,54.5836684310533],[28.033381299107702,54.590633842178136],[28.048263747074316,54.60456109142126],[28.07115982266771,54.61384327934394],[28.090049083998053,54.61649494388661],[28.108938345328397,54.62511166047483],[28.127827606658798,54.62511166047483],[28.138130839866392,54.62842529708985],[28.1518684850426,54.64598306086964],[28.199950241810257,54.65691142452266],[28.222273914209836,54.65525580141417],[28.23486675479694,54.65128202914241],[28.24917680136832,54.640020896547185],[28.270355670977494,54.63869585253161],[28.278369296805636,54.6337265523386],[28.278941699100187,54.612517381871726],[28.29153453968729,54.60091393942679],[28.32416144619384,54.60124551227062],[28.33560948309122,54.58798049230592],[28.353926343026387,54.58698544192464],[28.359077960079844,54.583336715217285],[28.36422957623398,54.5674111732871],[28.364801978528533,54.5551309865059],[28.375677614030735,54.54649945358699],[28.399718492414536,54.54550339056908],[28.41288373529619,54.54251505312726],[28.430055791541577,54.55645875276929],[28.45066225795688,54.580682890503056],[28.460393089769354,54.6015770824165],[28.46497230452826,54.64267085597527],[28.484433968153155,54.65128202914241],[28.569721846186326,54.64962617580744],[28.60234875269282,54.658235875885],[28.637837667974054,54.658235875885],[28.653292518235162,54.65061969554256],[28.65500972332012,54.6390271178073],[28.68134020998275,54.61550058958062],[28.693933050569854,54.59991920470759],[28.68134020998275,54.58831217037044],[28.676188592029973,54.5796876611567],[28.680195405393704,54.57371577786091],[28.699084667623367,54.56276505076653],[28.72942196585109,54.563096933876466],[28.757469657598676,54.56542004280078],[28.776931320324252,54.577365366118784],[28.80211700239778,54.572056766106925],[28.81642704896916,54.5571226197132],[28.82844748906041,54.55546293256833],[28.85878478728813,54.55645875276929],[28.872522432464336,54.56210127645278],[28.90171492700233,54.5674111732871],[28.90343213298661,54.57437936331701],[28.884542870756945,54.588975519304825],[28.882825665671987,54.59395028557725],[28.89541850625909,54.598592853977095],[28.926328207680683,54.59726646007914],[28.97440996354902,54.583336715217285],[28.9870028050355,54.580682890503056],[29.00245765529661,54.571724954942795],[29.020202112937227,54.575042938880586],[29.03680176688806,54.59991920470759],[29.05912544018696,54.608539431349755],[29.080304308896814,54.60920245023294],[29.11350361679854,54.62478028278389],[29.14956493437427,54.61351180902284],[29.175323017843027,54.61782071095712],[29.202333231893192,54.6264785679316],[29.213960143945542,54.623371894097716],[29.220220789657787,54.61663995147262],[29.23721396984888,54.61612206338259],[29.239002725895148,54.6088709421403],[29.228270190516923,54.59488298775972],[29.227375812943478,54.58140856245524],[29.21575748581938,54.569627850145196],[29.221252544069728,54.56750409034157],[29.245797135429484,54.567716470638686],[29.25642091399402,54.56538021902196],[29.275470448902126,54.55242220961736],[29.296351668095042,54.5562463131169],[29.31556147478227,54.569402205747224],[29.33158872733793,54.57272037854267],[29.35791921220192,54.57272037854267],[29.377953278121367,54.59395028557725],[29.392835726987244,54.5942819150784],[29.398559745435932,54.5836684310533],[29.415159399386823,54.58599036726167],[29.425462633493794,54.59826125954953],[29.442153870804532,54.60804879001972],[29.46230241682315,54.609533955627626],[29.477688579564358,54.60486611178169],[29.480252939721424,54.59107162855287],[29.49270840347009,54.58618938363321],[29.48941136923935,54.58151886340488],[29.466332126026828,54.571114416896876],[29.4604707307397,54.55709606543115],[29.470361835230563,54.55029755318958],[29.473292532424466,54.54201033470923],[29.468530149147114,54.53584695337423],[29.45570834746229,54.53053294573891],[29.44068852265724,54.509057312445066],[29.454609336351837,54.49480486924938],[29.45534201042551,54.489059941563085],[29.428233058009255,54.46436884614536],[29.417975616481556,54.44669279273825],[29.429332070019086,54.442645393869896],[29.436658813453505,54.434549396437546],[29.44728259201804,54.42943530899237],[29.426035034889026,54.40492145286282],[29.439589510647465,54.382313087479076],[29.421272650712297,54.37655236140239],[29.397460733426158,54.356917152004996],[29.357896317261293,54.3532878785328],[29.35643096821468,54.34816365392953],[29.376213176297085,54.34239813626505],[29.382440908621106,54.31954165152604],[29.399658756546444,54.31419952029171],[29.40829057634909,54.3057441807494],[29.388828913623513,54.28369602914847],[29.39054611870847,54.26798787583988],[29.381960091485098,54.26431063432835],[29.361353624170476,54.264644942909854],[29.356202007116963,54.25963003539789],[29.36020882048075,54.24692287209291],[29.34418156792509,54.23922979162165],[29.356202007116963,54.22785478596967],[29.375663670741858,54.22450859839313],[29.387111707639235,54.226181725905974],[29.40829057634909,54.2335426804504],[29.41984023304036,54.234828483447814],[29.45923434279075,54.242240298251204],[29.48155801608965,54.25026724213956],[29.50330928619468,54.25160491353597],[29.51132291292214,54.25996438085156],[29.513040118007098,54.27634402195912],[29.524488155803795,54.280020189680044],[29.52735016457848,54.289710332565846],[29.534218986716894,54.294053449207354],[29.55997707108503,54.29505564200434],[29.577149126431095,54.30040025806551],[29.578866332415373,54.306412122521465],[29.570852706587175,54.314092670940056],[29.5719975102769,54.32210562857193],[29.582873145779104,54.32911568564043],[29.609776032937646,54.33178586992199],[29.623513677214476,54.33011702498078],[29.633816911321446,54.32110409407875],[29.65499578093062,54.32110409407875],[29.675602247345864,54.30808192883802],[29.70765675245724,54.30607815298441],[29.728263218872485,54.312089188265475],[29.74142846175414,54.307747972790764],[29.754593704635795,54.307747972790764],[29.772910564570964,54.31642994418661],[29.79408943328076,54.3191009522472],[29.79981345172945,54.3144265748266],[29.821564722733797,54.31342485417372],[29.84217119004842,54.32243946770734],[29.853619226945796,54.32210562857193],[29.86907407810628,54.31309094129398],[29.881666918693384,54.31843321641986],[29.885673731157794,54.33579081989046],[29.903990591092963,54.33478961904575],[29.906852600766967,54.33145210632972],[29.904562993387458,54.307747972790764],[29.916011030284892,54.300066239965076],[29.918300637664345,54.28870800936721],[29.92516945980276,54.28235939826766],[29.946920730807108,54.281356896103944],[29.985416992500234,54.28811678426223],[29.993801785623987,54.28403801164495],[29.995199251144584,54.27669520452014],[30.011968836492656,54.27261530145506],[30.025943491698854,54.28159055525998],[30.023148560657603,54.301981589079105],[30.02734095721945,54.308504587716584],[30.037123215863744,54.31095044600636],[30.05249533659054,54.308504587716584],[30.06507252537682,54.31339615860588],[30.06227759433557,54.32562254164702],[30.05529026763179,54.33784529232645],[30.06227759433557,54.34762087710186],[30.080444646103558,54.34354799864127],[30.08882943922731,54.33866001244968],[30.1000091633922,54.33947471818374],[30.10979142113723,54.34762087710186],[30.10979142113723,54.37693368384248],[30.122368610822775,54.3793754744986],[30.1405356616915,54.37449174929486],[30.146125523773946,54.36716507241022],[30.164292575541992,54.36227989570068],[30.18245962641066,54.361465642325584],[30.186184710955672,54.35179337886137],[30.179956978631708,54.33364154542102],[30.19644215158405,54.3319327247155],[30.208897616232036,54.34004899016884],[30.210362965278648,54.35136636906276],[30.219155057759735,54.36332096888765],[30.23161052240772,54.363747854579856],[30.240768952824965,54.354995811607466],[30.263848196037486,54.353714868546376],[30.27850168290638,54.35563626829918],[30.294254181785107,54.33940829066012],[30.2883927873973,54.33001021699795],[30.26664294721428,54.3057650540141],[30.265748569640834,54.298458739579246],[30.284530505878195,54.292195152184604],[30.29794617397681,54.29062910694779],[30.345348204256254,54.29062910694779],[30.355186360262394,54.30367766818989],[30.357869494781426,54.313070071626555],[30.365024518067116,54.31985214156316],[30.375757053445284,54.320895437874185],[30.401694012069072,54.31828714763378],[30.409743412928208,54.32298195045672],[30.414215302594187,54.33497734622762],[30.427630971592123,54.33602025942747],[30.465194844066843,54.3057650540141],[30.489343047543684,54.29898066202799],[30.48308240183144,54.2854085244839],[30.48308240183144,54.277576410622885],[30.492026182062716,54.274443147433374],[30.50901936225381,54.2791429522855],[30.525118164871458,54.266086615504946],[30.534061943304096,54.26765359423803],[30.536745077823127,54.278098597472365],[30.544794477783,54.2854085244839],[30.568942681259784,54.29532706459241],[30.57520332697203,54.302633935707604],[30.568942681259784,54.32298195045672],[30.573414571825083,54.3292408541821],[30.60561217616106,54.33706314474841],[30.614555955493017,54.34227717834915],[30.620816601205206,54.35218202088362],[30.615450333066462,54.356872954823075],[30.587724618396464,54.3683374286295],[30.585041483877433,54.37563133691674],[30.597562775301867,54.38031959357443],[30.630654758110666,54.384486483564444],[30.65927485125343,54.386569770278754],[30.679845543537056,54.391777523913674],[30.69057807801596,54.403232254465024],[30.68610618834998,54.41156095957069],[30.694155590108437,54.42665242526925],[30.710254392726085,54.42925384109196],[30.743346374635507,54.420408354961694],[30.752290153967465,54.41260192843629],[30.771072091104145,54.41468378702723],[30.776438357444306,54.40895842049474],[30.778227113490573,54.3964639369612],[30.788065270395975,54.39802595503386],[30.801480938494592,54.407396817908875],[30.825629142870696,54.406876270523526],[30.839939189442077,54.40114981401274],[30.86677052743795,54.40271165491902],[30.88555246367531,54.407917358998986],[30.898073754200425,54.41572467675246],[30.89717937572766,54.4354965642151],[30.900756887820194,54.44121822464143],[30.921327579204444,54.44225844077448],[30.92848260338951,54.43757725998262],[30.95084205082003,54.43185509054007],[30.97499025429687,54.43237532136402],[30.97677901034308,54.42561181253518],[30.99377219053423,54.426132122499496],[31.002715969866188,54.43081461000628],[31.014342882817857,54.42873357069777],[31.023286661250495,54.419367583946894],[31.02418103972326,54.405314588797296],[31.04650471212284,54.408479535102515],[31.04993912319202,54.4228020273917],[31.072262796490918,54.43811822377705],[31.095731272580224,54.44743832351986],[31.11519293620512,54.4510992099606],[31.1399509195993,54.45830447746971],[31.158004016472262,54.46784352885584],[31.166530930358192,54.475632097543325]]]},"properties":{"slug":"vitebsk","name":"Витебская область","level":"region"}},{"type":"Feature","geometry":{"type":"Polygon","coordinates":[[[27.52738432752477,51.62706977205238],[27.55757224925992,51.6280985479097],[27.583509208783028,51.61588256822597],[27.60944616830608,51.61088417406546],[27.64253815111482,51.60810705139937],[27.65953133130597,51.61310575132944],[27.67115824425764,51.61310575132944],[27.68725704687529,51.60866248978215],[27.703355849492937,51.60755160582198],[27.723926541776507,51.598663561074545],[27.729292809015988,51.589773775239564],[27.725715296923454,51.56754169968974],[27.71587714001805,51.55864582454524],[27.67115824425764,51.53472953464035],[27.672052622730405,51.526940122388794],[27.690834558967765,51.50245043643855],[27.706933360686094,51.497996351550455],[27.751652256446505,51.476276453395656],[27.76506792544444,51.492428132552334],[27.78839330140977,51.51505313719258],[27.79068290878928,51.52645045772249],[27.80098614199693,51.53072371772544],[27.830178637434244,51.5364207735999],[27.838764665556937,51.54460904237345],[27.824454618985555,51.56026945157396],[27.819875404226593,51.57699166063668],[27.824454618985555,51.587306551756],[27.835902655882933,51.59690796573011],[27.83132344112397,51.60864027203098],[27.819875404226593,51.616815541104415],[27.82903383374446,51.62854270328319],[27.849067898764588,51.630319281609616],[27.886274020030044,51.624989337987586],[27.90344607627543,51.620014158926324],[27.91947332793177,51.60864027203098],[27.92634215096956,51.59868578332231],[27.92977656203874,51.58197155574277],[27.9343557767977,51.57912596858864],[27.96183106625074,51.58161586667893],[27.95038302845404,51.565251178599055],[27.957824252887008,51.56098115975277],[28.03735010082653,51.564796673827516],[28.06529941123887,51.5613217195218],[28.10582591043749,51.571745785639564],[28.11700563370306,51.59519119501766],[28.133775219950508,51.60300364430282],[28.167314391545972,51.61515367040562],[28.170109322587223,51.6420457297267],[28.219020614909482,51.66198760164656],[28.26373951066995,51.67152191810209],[28.26373951066995,51.64464734070225],[28.259547114108102,51.63423999927659],[28.262342045149296,51.620359829542565],[28.286098958100467,51.6177568246178],[28.307060940909764,51.60560749459023],[28.311253336572292,51.59432306235948],[28.3573696978533,51.560452940251025],[28.3573696978533,51.54394296579528],[28.36156209441515,51.54046641879023],[28.378331680662598,51.5448120616274],[28.43283283416804,51.567402714863476],[28.44960242041543,51.58043068073141],[28.466372006662823,51.58998214995631],[28.497116247217093,51.59171856456015],[28.516680763606416,51.58737740304474],[28.571181918011177,51.56653405160523],[28.61590081377159,51.56827136283317],[28.650837450887707,51.56566537125991],[28.660619709532,51.56219048350408],[28.653632381928958,51.550895263905375],[28.650837450887707,51.53612036046633],[28.662017175052654,51.50046703022929],[28.671799432797627,51.489156487981575],[28.68856901904502,51.45172469623782],[28.696953812168772,51.44127313334849],[28.717915794078692,51.44301522627171],[28.733287914805487,51.45869107593245],[28.738877776887932,51.44998293516437],[28.748660034632962,51.42559130319614],[28.768224551921605,51.4264626572259],[28.768224551921605,51.43953097387538],[28.789524161810675,51.44946318098107],[28.789524161810675,51.45802374300138],[28.778076124913298,51.4676524558962],[28.772924507859784,51.47692263067489],[28.77063490048033,51.49153715531554],[28.783764368330992,51.51692320544163],[28.801651926095587,51.53472953464035],[28.820433862332948,51.546411153352096],[28.8562089787614,51.56476192582227],[28.89556160728239,51.57810329193342],[28.965323084093086,51.580326471789306],[28.97158372980533,51.5747683171042],[28.989471287569927,51.568653562112274],[29.019880136758957,51.57254486475375],[29.027035160044647,51.57865909723961],[29.054760875613965,51.589773775239564],[29.06728216613908,51.610328763561654],[29.087852858422707,51.622546237918584],[29.108423550706334,51.64697132017034],[29.128099864517196,51.655295047528455],[29.141515533515133,51.65418530570736],[29.164769358519152,51.64419640533987],[29.190706318042203,51.610328763561654],[29.209488254279563,51.59588568927319],[29.227375812943478,51.57421246413395],[29.264045306945434,51.55475333120131],[29.266728440565146,51.54807971140963],[29.2649396854182,51.52026242327224],[29.255101528512796,51.50523401803554],[29.251524016420262,51.489086875958606],[29.25599590608624,51.48073266068377],[29.271200330231125,51.46457683835047],[29.28640475527527,51.45175953057793],[29.306975446659578,51.44674308342661],[29.315919225991536,51.4411686060464],[29.32844051651665,51.4127281857572],[29.32844051651665,51.40157024766887],[29.33291240618263,51.38371188279723],[29.347222452754067,51.38147909728258],[29.357954988132235,51.38427006231359],[29.382103191609076,51.40101227949316],[29.43666024427489,51.416632820848065],[29.464385959844208,51.407707450638384],[29.476012872795877,51.40212820954929],[29.497477942653006,51.39933833359726],[29.522520523703236,51.407707450638384],[29.527886791842036,51.41886389135556],[29.52609803579577,51.438381111499154],[29.52878116941548,51.448415293630944],[29.54040808236715,51.453431557320584],[29.545774349606575,51.461790772825964],[29.541302459940653,51.47683350336354],[29.543091215986863,51.48741615503161],[29.553823751365087,51.487973068302495],[29.567239419463704,51.47014845768524],[29.585126978127562,51.4634624326452],[29.60122578074521,51.46680556702336],[29.614641448843827,51.47293401239483],[29.62269085060234,51.491314407633865],[29.631634629034977,51.49521232748697],[29.668304123936196,51.49743955968796],[29.717494909362642,51.52304491668963],[29.737171223173448,51.52081893544556],[29.75148126974483,51.50968739605656],[29.757741915457075,51.480175658380006],[29.764896938742766,51.4634624326452],[29.783678874980126,51.448415293630944],[29.803355188790988,51.447300493123294],[29.815876479316103,51.455660830982595],[29.85970099750307,51.44674308342661],[29.87937731131393,51.447300493123294],[29.8910042242656,51.45231688002008],[29.89726486907847,51.4612335393964],[29.900842381171003,51.47906163398727],[29.923201828601577,51.48463148435559],[29.953610677790607,51.485188432700056],[29.978653259740213,51.4751623336748],[29.991174550265328,51.483517568780826],[30.002801463216997,51.481846644607],[30.02426653307407,51.50801743056002],[30.03410468997953,51.51525350524514],[30.073457318500516,51.512470535187106],[30.12622561512012,51.505790714569855],[30.1405356616915,51.515810079471635],[30.155740085836328,51.515810079471635],[30.173627644500243,51.509130747186305],[30.185254557451913,51.51191392139043],[30.19419833678387,51.52026242327224],[30.234445342878303,51.50412060608119],[30.263065436021122,51.49632595707732],[30.28989677311762,51.48296060065127],[30.301523686069288,51.47404818607498],[30.323883133499862,51.4679198908903],[30.343559448210044,51.444513373593395],[30.365024518067116,51.4378235929845],[30.365024518067116,51.416632820848065],[30.373073918926252,51.405475836041035],[30.37486267497252,51.39040958643329],[30.37039078530654,51.38482823553471],[30.348031337875966,51.378129714414854],[30.35160884906918,51.37031353474191],[30.378440186165733,51.34853285410799],[30.39453898878338,51.33959419371712],[30.438363506970347,51.3211527012362],[30.479504890638225,51.323388429332624],[30.488448669970182,51.32171164337768],[30.493814937209663,51.297670982629825],[30.499181204449087,51.29207832635376],[30.53227318725783,51.29207832635376],[30.54211134506255,51.28872240541472],[30.5591045252537,51.276974750384454],[30.57967521663801,51.27641526325385],[30.597562775301867,51.28760370994331],[30.61008406582704,51.28424746255041],[30.627971624490954,51.29487473947768],[30.636915403822854,51.31556290570359],[30.636915403822854,51.3256240477117],[30.642281671062335,51.33233024904183],[30.65927485125343,51.336800505538974],[30.675373653871077,51.33791800131479],[30.694155590108437,51.346856988159516],[30.69773310130165,51.35746977071341],[30.676268031444522,51.378687962279685],[30.65480296158745,51.40268616423515],[30.644070427108602,51.421094853045076],[30.63602102535009,51.427787083407225],[30.614555955493017,51.43280561338838],[30.604494203744537,51.438659868957814],[30.601699272703343,51.45346639076138],[30.60589166926519,51.460432504256744],[30.63663591071878,51.46913865212713],[30.649213099505005,51.474361543150735],[30.642225771901906,51.489156487981575],[30.604494203744537,51.516123148764336],[30.590407752016176,51.53639852077515],[30.59398526320939,51.55753371750711],[30.57788646149106,51.55753371750711],[30.555527013161168,51.56031393384103],[30.5492663683483,51.56754169968974],[30.5492663683483,51.58143802124772],[30.56536517006657,51.586995361147046],[30.5537382571149,51.606440695781544],[30.571625815778816,51.616993248040046],[30.573414571825083,51.62476724321374],[30.561787658873413,51.64031123877271],[30.545688856255765,51.65252064171432],[30.53942821054352,51.66472675583515],[30.54211134506255,51.679147926235885],[30.55642139163399,51.68358428548646],[30.56983705973255,51.68358428548646],[30.578780839064507,51.68912912301067],[30.57520332697203,51.705759562553794],[30.58146397268422,51.7140724908528],[30.596668397728422,51.71739723409513],[30.625288490871185,51.720167666704526],[30.637809781396356,51.72404598763228],[30.636915403822854,51.72903191089404],[30.642281671062335,51.75284595597611],[30.65033107192147,51.76225734949713],[30.64764793830176,51.77388048079962],[30.64049291501607,51.78218088424046],[30.676268031444522,51.80486086533671],[30.670901764205098,51.81426141573178],[30.67358489782481,51.82752944213013],[30.68968370044246,51.833609315117826],[30.70399374701384,51.84742415629984],[30.710254391826766,51.87062354713902],[30.718303793585278,51.88001037567835],[30.745135130681774,51.89767438536467],[30.762128310872924,51.90484840592927],[30.798797805774143,51.90595199998489],[30.8077415851061,51.90760733980693],[30.822946009250984,51.91643478913426],[30.82473476529725,51.921951064190296],[30.82205163167754,51.950073521975526],[30.834572922202653,51.952278459983006],[30.84977734634748,51.96550580914584],[30.85961550325294,51.977076537851985],[30.88286932915628,51.98644112975438],[30.889129974868524,51.99580376473199],[30.89270748606168,52.01177080048211],[30.903440021439906,52.013972703277716],[30.916855690437842,52.010119301664474],[30.931165737009223,51.99635444660049],[30.93921513786836,51.994702380310684],[30.959785830151986,51.99635444660049],[30.97499025429687,51.99305025196759],[30.98214527758256,51.99910775701744],[30.980356521536294,52.0123212862984],[30.991089056914518,52.04093721827803],[30.98661716724854,52.049188410816555],[30.98661716724854,52.062387151645794],[31.00003283624642,52.08272757162018],[31.007187859532166,52.08712428156042],[31.058167400105503,52.08437638865945],[31.10199191829247,52.08437638865945],[31.14671081405288,52.09536694582795],[31.164598371817476,52.104157442012365],[31.173542151149434,52.1030587249802],[31.191429708913972,52.082177951851065],[31.215577913290133,52.07613169372274],[31.238831738294152,52.07613169372274],[31.239726116766917,52.06733567390228],[31.253141784865534,52.05468836047953],[31.283550634054563,52.047538294256924],[31.31127634962388,52.04863837915792],[31.32022012895584,52.05578826911341],[31.342579576386413,52.066785865275506],[31.35152335571837,52.082177951851065],[31.35152335571837,52.1030587249802],[31.354206489338083,52.11019990410233],[31.372988425575443,52.112396959552086],[31.413235431669875,52.1200858015186],[31.421284832529068,52.13051853889948],[31.41681294376241,52.144790956937186],[31.427545478241257,52.14698630817162],[31.451693681718098,52.14698630817162],[31.48031377486086,52.140399930712306],[31.49730695595133,52.129420471177866],[31.512511380096157,52.12283149557709],[31.55096963014438,52.12832237557723],[31.608209816429962,52.11733993928681],[31.627886131140087,52.117889124683416],[31.646668067377448,52.12283149557709],[31.660083735476064,52.12228237043507],[31.707485764856187,52.11349544635783],[31.740577747664986,52.10910133545832],[31.763831573568325,52.1030587249802],[31.77724724256626,52.104157442012365],[31.80050106757028,52.109650622478284],[31.813916736568217,52.125027928696],[31.811233602948448,52.13545950864943],[31.79602917880362,52.15247421141578],[31.803184202089312,52.17606448988437],[31.801395446043045,52.18703245158645],[31.785296643425397,52.19361193034638],[31.716429544188145,52.19799770812779],[31.70838014332901,52.21060440996558],[31.72269018990039,52.23197281799122],[31.719112677807914,52.264827217901825],[31.728950834713316,52.27796216622107],[31.725373323520103,52.2834339122453],[31.68423193895285,52.28999911606638],[31.66634438118831,52.28999911606638],[31.65918935790262,52.30203279687612],[31.65024557857066,52.30531414243376],[31.629674886287034,52.30695472348174],[31.61178732852244,52.326636960227574],[31.617153595761863,52.33538181222093],[31.625202996621056,52.339207140597125],[31.632358019906746,52.35778260238527],[31.636829909572725,52.41564424628501],[31.639513043192437,52.42273526572001],[31.6314636423333,52.42818911973217],[31.609104194902727,52.43037047211965],[31.60284354919048,52.4521780613685],[31.609998572476172,52.46743695295305],[31.622519863001344,52.477788188374234],[31.625202996621056,52.48432455633326],[31.62341424147411,52.50283899282533],[31.601949171617036,52.50937163849039],[31.5885335026191,52.52188982995176],[31.591216636238812,52.52787553043146],[31.603737926763984,52.536580546954724],[31.622519863001344,52.54093240860385],[31.64935120099716,52.544196022228675],[31.641301799238704,52.55616052718665],[31.65650622428285,52.5572480476593],[31.665450002715488,52.567578148113114],[31.643984932858416,52.567578148113114],[31.628780508713533,52.57627529376987],[31.62609737509382,52.5817101343153],[31.610892950049674,52.59203447371203],[31.593899769858524,52.59040447678524],[31.583167235379676,52.59583756545135],[31.576012212093985,52.606158577356496],[31.573329078474217,52.64524771530989],[31.563490920669494,52.645790374326396],[31.521455159428115,52.68538628924591],[31.511617002522712,52.69893828827145],[31.516983269762136,52.707067467989305],[31.55812465343007,52.70760935988409],[31.578695345713697,52.71682048607664],[31.598371659524503,52.73523690455954],[31.608209816429962,52.752021567041766],[31.605526682810194,52.772587495616506],[31.598371659524503,52.78178489905389],[31.578695345713697,52.7974701007646],[31.56527967671576,52.80558091812492],[31.544708985331454,52.81260906865367],[31.53934271719271,52.832065712262875],[31.552758386190646,52.843411397318164],[31.549180874098113,52.85529417548588],[31.501778844717933,52.85961437920031],[31.45705994985684,52.880129473596355],[31.409657920476718,52.91465928529783],[31.38819284972027,52.934070214568806],[31.389981605766536,52.9437724164639],[31.385509716100557,52.9685570494683],[31.36315026867004,52.98471328818778],[31.336318931573487,52.9927891417056],[31.322008885002106,52.99924873813882],[31.26655745386347,53.01270312744742],[31.257613674531513,53.02184971649126],[31.258508053004277,53.03045650006749],[31.269240587483182,53.034759247941],[31.28981127976681,53.03207008076964],[31.305910082384457,53.02669124370601],[31.32290326257555,53.02669124370601],[31.338107686720434,53.03798602713351],[31.34168519881291,53.065941331527256],[31.34615708847889,53.08528438176887],[31.357859179357717,53.08930050941103],[31.36493902471625,53.08582156481344],[31.388461442141875,53.0871378638214],[31.348287695720614,53.0971438198315],[31.292319512335666,53.10569739232085],[31.25365058710497,53.108140957339344],[31.22210488423309,53.11180604541272],[31.207858437716766,53.12218876340074],[31.201752818038187,53.13073735544464],[31.176312734844885,53.13379001239923],[31.151890255231137,53.130126798513004],[31.13866141229437,53.13073735544464],[31.123397363097865,53.1429466801452],[31.123397363097865,53.151491142502266],[31.131538189036235,53.15942376459509],[31.136626206034634,53.1728448619009],[31.133573396195345,53.17833410243691],[31.109028803936212,53.18301769700918],[31.110982602665047,53.1947244490741],[31.084280690601418,53.204867715372814],[31.088188288059087,53.214228600269735],[31.085583223686854,53.2204680543573],[31.07516296619798,53.22280761457978],[31.045855990661494,53.22319752914274],[31.041948393203825,53.23021538153466],[31.046507256304892,53.244637354130646],[31.02436420824165,53.25398954887862],[31.01199015202394,53.25632727808147],[31.02436420824165,53.27151940489665],[31.03152813571495,53.28709546758182],[31.029574336986116,53.30344422417164],[31.010687619837825,53.30344422417164],[30.99310343397633,53.29643838042699],[30.978775579029787,53.29371357492158],[30.933186950717243,53.293324303373936],[30.91495150011167,53.30149827112837],[30.892157185505766,53.29682762409561],[30.864804008698115,53.29371357492158],[30.862198944325883,53.28281261630923],[30.854383751209184,53.276971672504715],[30.80488752543897,53.276971672504715],[30.790559670492428,53.2703509715202],[30.771021686801475,53.26840351121314],[30.73780711470664,53.27190887609379],[30.733248251605573,53.26723499240103],[30.73455078469101,53.25554804880346],[30.711105203542388,53.24853435038],[30.695474817309048,53.24814466604357],[30.67919316453299,53.25866487958058],[30.680495696719106,53.28437006672527],[30.65249125246936,53.28709546758182],[30.602343761055806,53.287484796686044],[30.599087431040175,53.29682762409561],[30.604948826327302,53.306557563780586],[30.608205157242253,53.32134282651032],[30.603646294141186,53.32951143250665],[30.59322603665231,53.332622870948796],[30.581503246078,53.3267887377101],[30.576944382976933,53.306557563780586],[30.560011463658157,53.29916301146386],[30.53526335122274,53.29838456279737],[30.513120303159496,53.28514876989988],[30.487069657638642,53.282033869967165],[30.473393070134136,53.27151940489665],[30.462321546102544,53.27074045260986],[30.4408297636827,53.27619282004264],[30.414779119061166,53.278529336060046],[30.40631265940175,53.27151940489665],[30.408917723773982,53.262560598792675],[30.40175379630068,53.25437917925575],[30.391333537912487,53.251651691972086],[30.360724030189886,53.252820636163506],[30.341186046498876,53.24580648987768],[30.332068322095438,53.23606271232438],[30.287130959426293,53.23567291557265],[30.274105636665865,53.232554409358556],[30.26498791046373,53.226706599230226],[30.21874801650779,53.21851832236274],[30.195302435359167,53.2181283655317],[30.17511318602476,53.22163785020666],[30.15101634013206,53.23411369079423],[30.14385241265876,53.24775497900913],[30.141898614829245,53.27268780679691],[30.130175823355614,53.28281261630923],[30.075469470639632,53.30811414814946],[30.02597324486942,53.30889241964951],[30.016855518667285,53.318230565188514],[30.005132728992294,53.32406586844513],[29.968661825982508,53.327566667467806],[29.960195367222468,53.3209538058735],[29.948472575748838,53.30033065793356],[29.926329528584915,53.29371357492158],[29.90418647962241,53.29916301146386],[29.905489012707847,53.30811414814946],[29.919165600212352,53.31939768915208],[29.91981686765439,53.32601079266402],[29.907442810537304,53.33417850473427],[29.898325084335227,53.335734082761746],[29.88529976247412,53.32173184265048],[29.868366843155343,53.31628528663674],[29.859900384395303,53.319786724178016],[29.860551650038644,53.338456206488786],[29.852736456022683,53.34351111854335],[29.827988343587265,53.34001162803423],[29.80324023115179,53.32717770438762],[29.801286433322275,53.31433991905209],[29.793471239306314,53.310059799020564],[29.76351299722711,53.30461175372949],[29.75569780411041,53.29721686416701],[29.760907933754197,53.284759420111186],[29.76807186032812,53.27930814535466],[29.767420594684722,53.262171042159935],[29.777189586530255,53.24268872200696],[29.788912376205246,53.22982553082363],[29.788912376205246,53.21227858498878],[29.79412250584903,53.20174696624957],[29.78695857837573,53.19550478541754],[29.75960540156808,53.180675963125225],[29.766118062498663,53.16740372340314],[29.777189586530255,53.15881361505632],[29.778492118716372,53.15295573701769],[29.770025659056955,53.14709705948178],[29.75569780411041,53.143581470208744],[29.75634907065313,53.13186075886699],[29.74853387663717,53.12521760271028],[29.727042095116644,53.12052769759521],[29.70945791015447,53.12443598753083],[29.694478789564528,53.139284247769865],[29.676894603703033,53.13811220271606],[29.667125611857557,53.13459587689823],[29.656705353469363,53.12170022198768],[29.656054087825964,53.10019886268742],[29.635864838491557,53.089639714801024],[29.63521357194884,53.08064284219347],[29.64693636162383,53.06655700380276],[29.663218014399888,53.063034824297745],[29.687966127734683,53.06538297574377],[29.691222458649577,53.05050918734918],[29.665171814028042,53.02231318750364],[29.67494080587352,53.00977571367832],[29.68926866082012,52.99801852313641],[29.708155377069033,52.99017861664987],[29.73746235260552,52.980768850901825],[29.734857289132663,52.97135703469945],[29.72183196637218,52.96272773569649],[29.7198781676434,52.94664126368343],[29.692524990835693,52.945463970186154],[29.679499668974586,52.9423243631789],[29.67363827368746,52.94821093948332],[29.680150934617984,52.95488142333909],[29.644982563794315,52.95880475803324],[29.624793314459964,52.96429682783639],[29.613721790428315,52.963512288961],[29.598091402396335,52.95488142333909],[29.571389492131402,52.95919707198732],[29.540128718765402,52.95919707198732],[29.524498331632742,52.95605846142888],[29.491935025181306,52.94036199301161],[29.4789097033202,52.93054880758143],[29.45090525996983,52.9187700485989],[29.433972340651053,52.91798468324657],[29.421598284433344,52.92544507223238],[29.41248055913053,52.94153942590384],[29.402060299843015,52.9423243631789],[29.39619890545515,52.93094137784237],[29.38512738142356,52.92897849146425],[29.37210205956245,52.932119067041356],[29.358425471158625,52.94507153122623],[29.346702679684995,52.95056534571421],[29.267899480176936,52.95174250071591],[29.250315294315442,52.96429682783639],[29.226869714066083,52.969395982038975],[29.217100722220607,52.9803767329999],[29.20733173037513,52.98272938825073],[29.198865270715714,52.976063198657755],[29.197562738529598,52.96508135232261],[29.191050076699753,52.95998168820438],[29.18518868231189,52.94781852570446],[29.16499943207816,52.93329672386477],[29.132436126526045,52.9120939943424],[29.140902585286142,52.89520291418319],[29.140251319642744,52.8794843674097],[29.132436126526045,52.87162295723374],[29.116154473749987,52.86533280296652],[29.103780417532278,52.87437461289812],[29.095965224415636,52.875946909322465],[29.057540522677016,52.868871127100874],[29.02823354714053,52.86611912160026],[29.00088037033288,52.86611912160026],[28.994367708502978,52.86297375983122],[28.996606435838373,52.83851570753393],[28.98439519648116,52.82437537382452],[28.964043130286257,52.81515093766569],[28.95997271686747,52.80469420907053],[28.90807494780063,52.773924545581394],[28.89179329502457,52.77330893086253],[28.872458831509903,52.765920868953],[28.858212385892955,52.763457902859955],[28.827684286600572,52.76776800179192],[28.818525856183385,52.76284213975299],[28.819543459762883,52.744365194198394],[28.827684286600572,52.73882058150468],[28.84600114563642,52.73265907435683],[28.848036351896155,52.719100691943424],[28.836842716118497,52.716018653238336],[28.80936742666546,52.716018653238336],[28.798173789988482,52.71170343356664],[28.776804120214024,52.6913545051064],[28.7676456906961,52.69012093203543],[28.750346434340543,52.699988542637186],[28.73609998782422,52.7036883220585],[28.72490635114724,52.702455097025165],[28.706589491212128,52.69505501567647],[28.69030783843607,52.69505501567647],[28.67504378923951,52.699988542637186],[28.659779739143687,52.699988542637186],[28.64349808636763,52.69690515404966],[28.633322053270206,52.69012093203543],[28.618058003174383,52.684569420642276],[28.604829161136934,52.683952542376005],[28.57430106094523,52.690737723067514],[28.557001804589675,52.69197127905136],[28.537667341974327,52.684569420642276],[28.526473705297292,52.69012093203543],[28.51120965520147,52.6913545051064],[28.493368969202606,52.684760946560516],[28.499352191150763,52.68104876099159],[28.49130279029157,52.67074540547611],[28.448372650577426,52.65392945018402],[28.44658389543048,52.644705049998095],[28.45821080748283,52.58714430036923],[28.461788319575362,52.558879278456004],[28.459999563529095,52.545827737759964],[28.44658389543048,52.542020306791756],[28.400970621197246,52.520257224990985],[28.377716796193226,52.495216345458005],[28.363406749621845,52.491949091377535],[28.330314765913784,52.48759237608732],[28.29632840553154,52.48759237608732],[28.266813933915955,52.48486921004604],[28.231933195960266,52.477788188374234],[28.217623149388885,52.491949091377535],[28.207784991584163,52.49576086427254],[28.18095365448761,52.49303820365026],[28.163066095823694,52.487047756548805],[28.15501669496456,52.492493650661515],[28.155911073437323,52.50066122873278],[28.148756049252313,52.512637597547155],[28.148756049252313,52.52134563489318],[28.137129137199963,52.525699006504],[28.1085090440572,52.52188982995176],[28.087043974200128,52.52080143353936],[28.071839550055245,52.51753608062569],[28.036064432727414,52.51644757629464],[28.002078072345228,52.51753608062569],[27.996711805105747,52.50338341721101],[28.00744433958465,52.49303820365026],[28.005655583538385,52.47724344742721],[27.995817426632982,52.47179566383886],[27.986873648200344,52.46089807588555],[27.990451159393558,52.44563691800943],[27.983296136107867,52.43582338094433],[27.973457979202408,52.431461107843916],[27.934999728254923,52.42382609030187],[27.911745903250903,52.42546227726234],[27.887597698874742,52.42927980941573],[27.850928204872787,52.43255171658848],[27.791004884967492,52.43364229925277],[27.76506792544444,52.431461107843916],[27.747180366780526,52.43582338094433],[27.744497233160814,52.451087939157105],[27.725715297822774,52.461443019180024],[27.716771517591496,52.47942237164517],[27.689940180495,52.488681595379376],[27.663108843398447,52.48650312981562],[27.65505944163999,52.48922619513286],[27.65863695373247,52.49957230531771],[27.648798796827066,52.51427048669365],[27.653270686493045,52.52134563489318],[27.664897599444714,52.52787553043146],[27.65953133130597,52.534948487882446],[27.6470100407808,52.54093240860385],[27.630016860589706,52.54256424554353],[27.6049742786401,52.53712455315565],[27.587086720875504,52.5469155136401],[27.57009353978509,52.54637162884762],[27.56025538287969,52.536580546954724],[27.533424045783136,52.53222825453037],[27.50838146473285,52.53821254577241],[27.499437685400892,52.53821254577241],[27.47350072587784,52.522434018715046],[27.441303120642544,52.53005194644021],[27.430570586163697,52.52678728150789],[27.4073167602603,52.51046031908851],[27.403739249067144,52.50283899282533],[27.39300671368892,52.49793887118199],[27.373330399878114,52.494127288043956],[27.377802289544093,52.477788188374234],[27.392112336115474,52.45708328216779],[27.38585169040323,52.44018522326951],[27.37422477745156,52.43255171658848],[27.342027172216262,52.42218984308687],[27.333083393783625,52.41782622010402],[27.318773347212243,52.40418711454373],[27.312512701499998,52.39491011391067],[27.29535417735343,52.391327857894396],[27.276327681277508,52.370295780126185],[27.274373883447993,52.36433086207967],[27.288701738394536,52.34961395502006],[27.28609667312304,52.339667323688104],[27.277630214362944,52.335290096660685],[27.281537810021973,52.32733039328309],[27.297208901369743,52.32469342546125],[27.378617166149354,52.32531536601141],[27.393881217144497,52.32344951828071],[27.393881217144497,52.313497001785265],[27.426444522696613,52.30354224597795],[27.423391712857324,52.288605915130915],[27.48546551502153,52.289228362898655],[27.513958407154803,52.26930569959842],[27.53532807782858,52.26930569959842],[27.55160973060464,52.24937407815122],[27.562803366382298,52.24189741143647],[27.567891383380697,52.22133007901999],[27.58010262273791,52.20823681517692],[27.56992658964043,52.206366033765505],[27.55669774670372,52.19701094589851],[27.54957452344553,52.18453443081938],[27.562803366382298,52.17267849921342],[27.559750557442328,52.16456472488221],[27.54855691986603,52.15270346928975],[27.539398490348105,52.13771631235801],[27.54041609392766,52.123348887241434],[27.53838088676855,52.10460180422996],[27.539398490348105,52.075215521978805],[27.55160973060464,52.067083985137856],[27.5780674155788,52.065832847408046],[27.58519063883699,52.05832528808162],[27.58519063883699,52.048939063886735],[27.59638427551397,52.04268048571589],[27.60961311935,52.04268048571589],[27.620806755127717,52.037047016406746],[27.62792997838585,52.02703020557959],[27.62792997838585,52.01262710885402],[27.60961311935,51.99696630844841],[27.592313862994445,51.98756719786792],[27.570944193219987,51.981300027574264],[27.54041609392766,51.965001281384104],[27.529222457250626,51.95308691003294],[27.53024006083018,51.939914709995946],[27.54346890376695,51.9141864066774],[27.542451301086714,51.89660738202514],[27.536345680508816,51.881534170765406],[27.527759652386123,51.86853731874231],[27.507089585016388,51.854790337704],[27.524579642436606,51.85282614101362],[27.545249708906965,51.82630108512706],[27.557969751402936,51.81647302401092],[27.554789740554156,51.801726913266464],[27.540479693982718,51.776155557832794],[27.559559755478404,51.754506932748825],[27.53570967815915,51.73580203783382],[27.50231956919282,51.73383265115598],[27.48959952849549,51.72693912104364],[27.48800952262144,51.71117853366246],[27.50231956919282,51.687527351306244],[27.508679589991118,51.665836240450176],[27.51980962661304,51.651040889125795],[27.52139963158777,51.63821434351718],[27.52738432752477,51.62706977205238]]]},"properties":{"slug":"gomel","name":"Гомельская область","level":"region"}},{"type":"Feature","geometry":{"type":"Polygon","coordinates":[[[26.36867795172617,53.36115925609482],[26.375763634584132,53.362681601474776],[26.41070027259957,53.377689773764075],[26.437252116591935,53.379357022408726],[26.45961156402251,53.38352485758617],[26.523894977071564,53.38102420540281],[26.558831613288362,53.386858832369285],[26.576998665056408,53.39435932032643],[26.576998665056408,53.40352478793869],[26.55486728389809,53.42856477714281],[26.55028806913913,53.44322744429115],[26.55028806913913,53.45788505185374],[26.555439685293265,53.46367852584336],[26.557156891277543,53.47492242293151],[26.55257767651858,53.4878662509268],[26.542274443310987,53.495017725487685],[26.51651635894285,53.50046565836351],[26.513654350168167,53.505232025637554],[26.52224037739154,53.516464914124526],[26.546281256674717,53.5321179120121],[26.545708854380166,53.55082586012537],[26.542274443310987,53.55626662000856],[26.51250954557912,53.56000673672156],[26.49590989252755,53.57088519699431],[26.45301552694508,53.606921338948666],[26.423501055329496,53.62920291768057],[26.407402254510487,53.64405076962737],[26.39935285275203,53.655713273249035],[26.378782160468404,53.6567733410169],[26.367155247516735,53.661543315471704],[26.36357773632352,53.668962203443016],[26.369838381136447,53.674260608740155],[26.37073275960921,53.686444414278355],[26.362683358750076,53.69174062073313],[26.346584556132427,53.69227020540569],[26.31349257242431,53.69703616258886],[26.303654416418226,53.703389932199684],[26.30007690432575,53.718211665136266],[26.293816258613504,53.72032862966256],[26.275928700848908,53.73778951937089],[26.266090543044186,53.75894451197968],[26.27235118875643,53.770046620155426],[26.266090543044186,53.77533230634094],[26.268773676663898,53.785373276555504],[26.275928700848908,53.790128687389085],[26.266090543044186,53.79963789117579],[26.24373109561361,53.79858141889741],[26.230315427514995,53.80122254878165],[26.231209805088497,53.82445731625222],[26.250886118899302,53.82762469522356],[26.24820298527959,53.85031724164742],[26.250886118899302,53.85875784040206],[26.267879299090453,53.85875784040206],[26.27553517370933,53.867935060354796],[26.305300071441195,53.86185933234236],[26.337926977947745,53.8841326849755],[26.36654707109051,53.886156946485926],[26.379139911677612,53.88953049863363],[26.376099026848635,53.900408349166014],[26.365366491470468,53.91305345205524],[26.37073275960921,53.917794379307225],[26.42976170194106,53.92885444957324],[26.437811101900877,53.93359358177844],[26.437811101900877,53.94570225435558],[26.432444835560773,53.95833364348289],[26.403824742417953,53.9846367520845],[26.400247230325476,53.990947027783136],[26.377887782894902,53.98516264504008],[26.34479580008616,53.97253938398546],[26.329591375041957,53.973065429825795],[26.327802618995747,53.97937745920245],[26.334957643180758,53.98936954856589],[26.331380131088224,54.0319405179406],[26.327802618995747,54.040869636524576],[26.317070084516843,54.04664628060141],[26.280400589615567,54.036667937375455],[26.262513031850972,54.02878860640914],[26.22494915937625,54.017229552701735],[26.209744735231425,54.01460204754653],[26.189174042947798,54.01460204754653],[26.18023026361584,54.017755033767855],[26.164131460998192,54.033516383774156],[26.150715792899575,54.06659577967156],[26.14892703685331,54.08391257370636],[26.14445514718733,54.0938795719847],[26.129250723042503,54.10699039688939],[26.133722611809162,54.129007252083056],[26.14445514718733,54.138963417128025],[26.135511367855372,54.146821856843246],[26.12567321094997,54.141059146862176],[26.108680030758876,54.14472641848948],[26.096158740233705,54.14158306310793],[26.105996897139164,54.1253385892046],[26.089898094521516,54.118000285884534],[26.068433024664387,54.118000285884534],[26.04607357633455,54.12166959987218],[26.021030995284264,54.13215156344393],[26.013875971998573,54.14891718907705],[26.023714128903976,54.16043961879342],[26.03444666338288,54.16567602752673],[26.04875670995426,54.179287587752015],[26.05233422204674,54.19551090240628],[26.06753864709094,54.197603770497665],[26.07648242552358,54.18138127692447],[26.089898094521516,54.18033444537838],[26.11404629889762,54.18713837423661],[26.133722611809162,54.197603770497665],[26.162342704951925,54.20963570032734],[26.177547129996128,54.22270991113356],[26.18738528780085,54.22636994861432],[26.202589711945677,54.22532425650928],[26.231209805088497,54.2300296614398],[26.24373109561361,54.2300296614398],[26.268773676663898,54.22009540028256],[26.27682307842241,54.21486588125549],[26.29739377070598,54.20963570032734],[26.32064759660932,54.2080665164566],[26.357317090611275,54.21329689613492],[26.384148427707828,54.22636994861432],[26.425289811375762,54.25877326027779],[26.444071748512442,54.286452694036655],[26.468219951089907,54.28854095310254],[26.492368155466067,54.29741487489662],[26.501311934798025,54.30993950910113],[26.501311934798025,54.32506835781851],[26.520093871035385,54.33602025942747],[26.530826405514233,54.34540528122881],[26.533509539134002,54.35374572518515],[26.546030830558436,54.37042153462619],[26.569284655562456,54.39125677777815],[26.58717221422637,54.39698461564757],[26.621158574608558,54.404273435570644],[26.6453067780854,54.41780637796205],[26.656933691037068,54.43029436029656],[26.657828068610513,54.43705709570844],[26.64083488841942,54.444858864644914],[26.64083488841942,54.45057921745695],[26.651567423797644,54.45525891256881],[26.668560604888057,54.467215700444285],[26.67124373760845,54.47709041389152],[26.66229995917581,54.49267721268325],[26.664983092795524,54.50202644056782],[26.653356179843854,54.5108543035833],[26.64351802203913,54.509296583370656],[26.638151755699027,54.51916113807613],[26.627419220320803,54.52746628274281],[26.631891109986782,54.53473189925779],[26.625630464274536,54.55289028335994],[26.634574243606494,54.55652099125081],[26.6453067780854,54.55444634072609],[26.669454981562183,54.54459031069433],[26.681081895413172,54.547184233365726],[26.680187516940407,54.55444634072609],[26.67124373760845,54.56429998935306],[26.67124373760845,54.574151256575306],[26.68287065145944,54.57726168867606],[26.70433572041719,54.574151256575306],[26.696286319558055,54.58710982445888],[26.686448162652653,54.591255695494],[26.68287065145944,54.59954617221814],[26.68555378417983,54.619747140618074],[26.70433572041719,54.629585005243825],[26.691814429892077,54.63579716850455],[26.68287065145944,54.63010272246271],[26.665877470369026,54.630620431587715],[26.650673046224142,54.64045566839445],[26.639940511745294,54.642525940120095],[26.61042604012971,54.63838528964948],[26.601482260797752,54.63942049206213],[26.59164410389235,54.649771065582286],[26.58627783575355,54.66477471697965],[26.5701790331359,54.687528298592156],[26.552291476270682,54.70251800690056],[26.550502720224415,54.71130250280834],[26.55676336503734,54.719051948288836],[26.576439679747466,54.73506277652598],[26.5746509237012,54.74177511213179],[26.56302401074953,54.74590522794398],[26.55139709779786,54.74435648386469],[26.536192673653034,54.74797012801906],[26.527391994445054,54.75546482883885],[26.487323863505537,54.783531818238885],[26.467289799384787,54.796073116880905],[26.449829306277536,54.80445587753678],[26.451226771798133,54.8157306807264],[26.440047047633186,54.823782185999164],[26.427469858846962,54.8253922935196],[26.405110410517068,54.81653590310947],[26.388340825168996,54.817341110204154],[26.368776307880353,54.81170432689322],[26.34921179059171,54.82297710660822],[26.345019394029862,54.83263698640786],[26.35200672163296,54.838270848720754],[26.35899404923606,54.85275431336095],[26.35619911819481,54.87768587310461],[26.364583911318505,54.882509555971296],[26.35899404923606,54.90099499022665],[26.339429531947417,54.91063619740265],[26.32545487764054,54.91063619740265],[26.305890360351896,54.914652685672934],[26.28772330948317,54.92107823377353],[26.278397183383333,54.93311309269512],[26.27791631048939,54.939743101662884],[26.258376533550233,54.96201698489597],[26.25278667146779,54.97886200357868],[26.24579934476401,54.98607913494419],[26.22483736195477,54.99409664764221],[26.209464067612657,55.004348392864074],[26.207955979185158,54.99396838003679],[26.193645932613776,54.98986360082455],[26.165025839470957,54.98627157367423],[26.13998325752135,54.98627157367423],[26.119412566137044,54.982679225465915],[26.1140462979983,54.968306618455756],[26.081848693662323,54.967279806717784],[26.072904914330366,54.94725173208184],[26.04607357723387,54.93749084852391],[26.026397262523687,54.93800463840341],[25.99419965818771,54.95290168686341],[25.978100855570062,54.951874481222376],[25.909233756332867,54.92926931832443],[25.886874308002973,54.93594943931521],[25.87703615109757,54.92772759435303],[25.86004297090642,54.92413000939246],[25.858254214860153,54.911792987256604],[25.860937349379242,54.897909316461835],[25.823373476904464,54.87373002252258],[25.797436517381414,54.860862783490745],[25.781337714763765,54.85005112845687],[25.783126470810032,54.83563108041011],[25.770605179385598,54.819660015697195],[25.753611999194447,54.81708344544472],[25.741985086242778,54.80780643312045],[25.733935685383642,54.79491815984528],[25.73840757504962,54.77789934447924],[25.750928865574735,54.76706546000304],[25.746456975908757,54.718018774746724],[25.7375131965768,54.68235814920928],[25.741985086242778,54.65649752504078],[25.75003448800129,54.63942049206213],[25.765238912146117,54.59125569639332],[25.76345015609985,54.57622490435591],[25.75629513281416,54.56066997483953],[25.681167388764038,54.5316182224031],[25.671329231858635,54.520718481472784],[25.6579135628607,54.499429647260456],[25.65344167319472,54.48852131420733],[25.63913162662334,54.472932929910826],[25.616772179192765,54.45577884481787],[25.62929346971788,54.433935972467225],[25.63913162662334,54.422489816951554],[25.62213844643219,54.404273435570644],[25.59172959724316,54.395422558004725],[25.589940841196892,54.384486483564444],[25.593518353289426,54.37302651895874],[25.567581393766375,54.36468998885198],[25.564898260146663,54.34592660832635],[25.538961300623555,54.33289144158681],[25.55416572476844,54.32611152192925],[25.54969383510246,54.317765469800634],[25.558637614434417,54.313070071626555],[25.590835219669714,54.317765469800634],[25.607828399860807,54.30524321790023],[25.623927202478455,54.31202657746462],[25.64181476024305,54.30993950910113],[25.647181027482475,54.319330483515046],[25.667751719766102,54.320895437874185],[25.6999493250014,54.31098305632304],[25.707998725860534,54.295849027510656],[25.704421214667377,54.274443147433374],[25.722308772431973,54.26974280658533],[25.74466821986249,54.26974280658533],[25.7518232440475,54.2650419297413],[25.75450637766727,54.24832336023496],[25.764344534572672,54.241529504682944],[25.77776020267129,54.23891618543365],[25.790281494095723,54.232643543664665],[25.76613329061894,54.223755668889055],[25.75718951128698,54.21643480612147],[25.765238912146117,54.20388173625315],[25.784020848383477,54.196034129771306],[25.78759836047601,54.18870835220872],[25.776865825097786,54.177193793358924],[25.78759836047601,54.170911773459636],[25.790281494095723,54.16096329042358],[25.78491522595698,54.157297456812216],[25.750928865574735,54.15520254815914],[25.73840757504962,54.15886856793014],[25.73304130781014,54.164628799379614],[25.7097874819068,54.16305790679701],[25.691899923242886,54.14577415115622],[25.69100554566944,54.13739154968033],[25.674012365478347,54.138439467607384],[25.658807940434144,54.13110348633688],[25.64092038266955,54.126910912608594],[25.618560934339712,54.13948735945411],[25.588152085150682,54.14734569934461],[25.557743236860915,54.14734569934461],[25.529123143718152,54.16096329042358],[25.52196812043246,54.1703882286339],[25.52196812043246,54.177193793358924],[25.5309118988651,54.1824280814908],[25.55416572476844,54.18975497151479],[25.567581393766375,54.196034129771306],[25.56400388167384,54.20702036120076],[25.55684885838815,54.21381989777012],[25.56400388167384,54.22114122458788],[25.583680196384023,54.22636994861432],[25.573842038579244,54.242052148387984],[25.566687015293553,54.2650419297413],[25.566687015293553,54.273920913819154],[25.534489410957576,54.273920913819154],[25.52375687557941,54.28384222114164],[25.520179364386195,54.29898066202799],[25.50676369538826,54.30472137459179],[25.49334802639038,54.30159017624567],[25.47009420138636,54.29010707837904],[25.437896596151063,54.29532706549173],[25.413748392674222,54.28175372285608],[25.349961359529175,54.26397632394827],[25.317906855317176,54.258626980151064],[25.295583182917596,54.26063306546365],[25.278983528966762,54.268322153844395],[25.269252697154286,54.265982148457454],[25.253225444598627,54.255617669619824],[25.234336183268283,54.25662079771172],[25.214874519643445,54.24391270720571],[25.20514368783097,54.21748072305695],[25.18568202510545,54.20576494000005],[25.172516782223795,54.20174733477171],[25.16106874442704,54.1886874195888],[25.138172669732967,54.17595840455675],[25.102683754451732,54.1514943016208],[25.075208464998695,54.13640648267307],[25.04773317554566,54.134058994926704],[25.016251072728892,54.136071135374664],[24.997934213693043,54.14110106066545],[24.984196568516893,54.148812424353935],[24.980189755153106,54.16087950328648],[24.96702451227145,54.16758191577287],[24.954431671684347,54.17026257715628],[24.921804765177797,54.16154979318844],[24.868571392256,54.14545983360449],[24.832510074680272,54.14545983360449],[24.82392404655758,54.14143636659509],[24.829075663611036,54.134394358412976],[24.807324392606688,54.121984097288305],[24.79186954234558,54.12097769746282],[24.78156630823861,54.112925614825315],[24.780993906843378,54.10520756827469],[24.81591042072938,54.07566438310482],[24.821062036883518,54.06390840574841],[24.82163443917807,54.04441974177769],[24.833082476075447,54.03803353631872],[24.861702569218266,54.03030155387364],[24.843385710182417,54.015169602495234],[24.81762762581434,53.99868632711235],[24.77298028101518,53.994312117310415],[24.756380627064345,53.988254760648715],[24.74092577590386,53.9788304537625],[24.73291215007572,53.97075077992463],[24.719746907194065,53.96704707226462],[24.703147253243174,53.96704707226462],[24.689409608966344,53.970414092636304],[24.691699216345796,53.979840303387334],[24.702574851848,53.99902278597284],[24.703719655537725,54.01079712478753],[24.68082358084365,54.02189559340695],[24.645907066957648,54.00743336715624],[24.620721384884064,54.00911528014609],[24.604694132328405,53.99935924123605],[24.5812256562391,53.99061050417146],[24.52913708610771,53.965363459556045],[24.461593666614476,53.92156566562301],[24.43984239561013,53.904708113988306],[24.419808330590058,53.90538254706695],[24.38145740563482,53.903021984077384],[24.357988929545513,53.89830045969853],[24.327651630418472,53.90605696845438],[24.30704516310385,53.918868914468874],[24.305900359414125,53.925947515165774],[24.273845855202126,53.93302491436833],[24.261825416010197,53.943807215530626],[24.247515369438815,53.95121843138554],[24.23606733164212,53.94886046024209],[24.210309248173303,53.94987103561988],[24.197144005291648,53.970414092636304],[24.142193426385575,53.95627077857364],[24.114718136932538,53.95728117408697],[24.098118482981647,53.94245958054523],[24.059767558026408,53.93403587375661],[24.029430258899367,53.93100292274676],[23.972190072613785,53.92796975140294],[23.9658936518706,53.94717611368674],[23.95959723202668,53.95458673059318],[23.916094690017985,53.96704707226462],[23.908081064189787,53.965363459556045],[23.89663302639309,53.949534180158366],[23.872735249032587,53.94517586317562],[23.843220777417002,53.95991229901347],[23.82801635327212,53.95043947370283],[23.811023173081026,53.94517586317562],[23.79850188165659,53.93306703861299],[23.794924370463377,53.925168084439576],[23.802079393749068,53.913580248829476],[23.786874968704865,53.90620449684013],[23.773459300606305,53.90620449684013],[23.766304277320614,53.92464143515417],[23.70906409103503,53.94043804577922],[23.69028215479767,53.937805692378845],[23.668817084940542,53.939385124923604],[23.63304196851209,53.93254048825298],[23.607105008989038,53.925168084439576],[23.594807312407568,53.930927886013194],[23.571050399456396,53.94655762563394],[23.533318831299084,53.94573515335469],[23.514268581429917,53.9566075800758],[23.50816445192794,53.933396128428626],[23.50816445192794,53.91199984052025],[23.51095938296919,53.880708612512535],[23.522139107134137,53.86752634726315],[23.551485882167754,53.847745158112616],[23.547293485605906,53.832903129276076],[23.54170362352346,53.82465528401423],[23.537511226961612,53.80485383043998],[23.550088416647156,53.774308256420966],[23.558473209770852,53.76274467102979],[23.57943519168083,53.747046139567715],[23.580832657201427,53.73464841679106],[23.578037726160176,53.717285460555615],[23.592012381366374,53.69412369735079],[23.59760224344882,53.667637497572514],[23.612974364175614,53.628705688816524],[23.625551552961838,53.60217835494717],[23.63114141504434,53.57895326238321],[23.65489832799551,53.5482433795284],[23.663283121119207,53.51668028826475],[23.678655241846002,53.493408216915725],[23.694027361673477,53.474282314277445],[23.694027361673477,53.45265134378457],[23.708002016879618,53.43600463460626],[23.720579206565162,53.40935633112986],[23.747131050557584,53.389359141910916],[23.756913309201934,53.35100492273904],[23.787657549756148,53.28923217582428],[23.815606859269167,53.24493456477842],[23.854735892947133,53.22987965112503],[23.856133358467787,53.20645037198716],[23.87150547919458,53.191381925335634],[23.906442116310643,53.171282421146884],[23.919019305996244,53.16793158767268],[23.91762184047559,53.14363022245686],[23.910634512872548,53.1352472513596],[23.8994547887076,53.13357046090812],[23.877095341277027,53.1000209066396],[23.874300410235776,53.080718056093474],[23.882685203359472,53.069803919715184],[23.895262392145753,53.06056671947857],[23.916224374954993,53.036204605957835],[23.930199029261814,53.00678371239849],[23.93439142582372,52.98743905776638],[23.92460916807869,52.97565980595533],[23.939981287906164,52.968927364206536],[23.949763546550457,52.9605103357834],[23.921814237037438,52.93609168638227],[23.916224374954993,52.92429843842223],[23.91762184047559,52.90575970044989],[23.928801563741217,52.89817338299531],[23.92460916807869,52.889742584153],[23.926006633599286,52.8619093123649],[23.921926033559657,52.82936392130796],[23.937130458603804,52.81314964933688],[23.940450599115934,52.7768130267998],[23.949651749128975,52.77583386024452],[23.991687511269674,52.77637489688402],[24.02120198198594,52.77475176538172],[24.036406407030086,52.78935777164389],[24.052505209647734,52.788276013127586],[24.068604011366062,52.78394871106423],[24.09006908122319,52.78394871106423],[24.107062261414285,52.78935777164389],[24.11332290712653,52.796388544595686],[24.116900419219007,52.80828418756528],[24.13210484336389,52.81098728883239],[24.165196826172632,52.794766159530695],[24.167879959792344,52.78719422853089],[24.160724937405973,52.766635199554855],[24.191133785695683,52.75472816487297],[24.210810099506546,52.7606820896068],[24.234063925409885,52.7606820896068],[24.243007704741842,52.749314800137995],[24.255528995266957,52.75310422577945],[24.260895263405757,52.772046411312886],[24.273416553930872,52.77150532071403],[24.285937844455987,52.76555287626428],[24.304719780693347,52.7606820896068],[24.370903746310887,52.76176453340656],[24.40399572911963,52.77312857272551],[24.4165170196448,52.7736696444386],[24.443348356741296,52.757975860497595],[24.47286282835688,52.74552504444529],[24.515792968071082,52.7460664588001],[24.52920863706902,52.749314800137995],[24.537258038827474,52.75581075706083],[24.549779329352646,52.759599617928075],[24.568561264690686,52.756893322269036],[24.586448823354544,52.76122331510396],[24.589131956974313,52.772587495616506],[24.583765688835513,52.788276013127586],[24.574821910402875,52.79692932582776],[24.582871311262068,52.80233677302368],[24.596286980260004,52.8288235429722],[24.607913893211673,52.834767334145226],[24.610597026831385,52.84233098328832],[24.60433638111914,52.856374266659145],[24.590920713020523,52.86447409430406],[24.584660067308334,52.87527151217063],[24.60433638111914,52.89362095544277],[24.63027334064219,52.90710823925389],[24.64905527687955,52.91034456295125],[24.64905527687955,52.91519859523902],[24.629378963068746,52.92274823024667],[24.625801450976212,52.936765489036134],[24.6374283648272,52.948083807721616],[24.667837214016288,52.95993791820041],[24.68930228297404,52.97286597028835],[24.697351683833176,52.97448170486683],[24.713450486450824,52.989020597422666],[24.730443666641975,52.985251724887235],[24.73580993478072,52.978790034832286],[24.73133804511474,52.95455008881561],[24.746542469259623,52.9513170692274],[24.760852515831004,52.952394769103364],[24.77337380635612,52.96263158198195],[24.796627633158778,52.955088902331056],[24.812726435776426,52.945928165152736],[24.835085883207,52.9437724164639],[24.861917220303553,52.9513170692274],[24.892326069492583,52.95185592231303],[24.90842487211023,52.949700468601804],[24.920946162635346,52.9513170692274],[24.93883372129926,52.96209286199604],[24.97639759287466,52.95832164043139],[24.988918883399776,52.95023934237179],[24.983552617059672,52.92220901383496],[24.984446994633174,52.91681648459314],[25.003228929971215,52.905489987473004],[25.00859519810996,52.895239651488794],[25.01843335501536,52.890922995599794],[25.033637779160244,52.88984376417841],[25.05152533782416,52.89685828638085],[25.05420847144387,52.92220901383496],[25.07746229734721,52.92652255447234],[25.085511699105666,52.92005208253761],[25.0837229430594,52.90980519275547],[25.071201652534285,52.8893041385752],[25.071201652534285,52.88282810613225],[25.0846173206329,52.86123434418971],[25.071201652534285,52.8515136441394],[25.07299040858055,52.84665247752986],[25.088194832725378,52.847732784540426],[25.104293634443707,52.85367398836394],[25.11234303620222,52.843411397318164],[25.12396994915389,52.84233098328832],[25.132019350013024,52.8515136441394],[25.151695663823887,52.86393415213945],[25.165111332821823,52.868253496102],[25.17584386730067,52.86771360160151],[25.177632623346938,52.85205374008808],[25.19999207167683,52.84557214443896],[25.21609087429448,52.845031967551336],[25.225034652727118,52.847732784540426],[25.22235151910735,52.863394204578924],[25.250077233777347,52.8785102136755],[25.27959170539293,52.887685220396634],[25.290324240771156,52.88606624286285],[25.296584885584025,52.880129473596355],[25.294796129537815,52.868253496102],[25.284957973531732,52.85421405733291],[25.301056775250004,52.84719263463245],[25.318049956340474,52.84287119435021],[25.339515025298226,52.84395159399094],[25.35471945034243,52.84935319289559],[25.363663229674387,52.860154373525575],[25.364557607247832,52.86879338340799],[25.35203631582334,52.87581131224232],[25.341303781344493,52.874191891342775],[25.3243106011534,52.87689089260067],[25.3243106011534,52.89793734333381],[25.32878249081932,52.90441111847838],[25.34309253739076,52.90764764362393],[25.339515025298226,52.91897357686912],[25.31894433391392,52.93568739975376],[25.318049956340474,52.946467085687516],[25.33146562443909,52.946467085687516],[25.374395764153235,52.94215553435049],[25.404804613342264,52.9437724164639],[25.425375304726572,52.949161588536526],[25.428952816819105,52.97071156338802],[25.426269683199394,52.97932854617551],[25.44684037548302,52.98686699631486],[25.45399539876871,53.00247817392864],[25.482615491911474,53.012165032490316],[25.513918718674006,53.01808370829656],[25.525545631625675,53.02453952038263],[25.547905079955513,53.04766491500391],[25.581891439438436,53.05250354460293],[25.59262397571598,53.058954205372345],[25.597990242056085,53.06809098820861],[25.593518353289426,53.09763789207511],[25.60156775414856,53.111061599213485],[25.612300288627466,53.11750349069359],[25.61326621806154,53.13665168033083],[25.606397395023805,53.14660880045585],[25.610404207488216,53.163084480164684],[25.608687002403315,53.16994748099148],[25.579494506966,53.18229811616516],[25.575487694501533,53.18778614531442],[25.578349703276217,53.198074309481854],[25.597811366901112,53.21350192467412],[25.594376955831876,53.22515466255766],[25.594949358126428,53.24331290276831],[25.597811366901112,53.25324528344311],[25.612121413472494,53.26488720787842],[25.61956263790546,53.2785795326194],[25.608114600108763,53.287135008973564],[25.610976609782767,53.29124102925016],[25.64761032875373,53.29945188539625],[25.64761032875373,53.31108123011472],[25.660775571635384,53.32646814109188],[25.65218954441201,53.350392309057895],[25.65562395548119,53.358933402554555],[25.679664833865047,53.36918045601328],[25.689395664778147,53.38283936014841],[25.72259497357919,53.398200391335024],[25.738049823840356,53.39751779690886],[25.7489254593425,53.386936177662506],[25.771821533137313,53.38386360162394],[25.78727638429774,53.37874214873125],[25.827344514337938,53.39069124650388],[25.854819803790974,53.38352219019697],[25.89259832735098,53.40297824834755],[25.921218420493744,53.38864306842294],[25.938390475839867,53.38386360162394],[25.96758297127718,53.37942504443032],[26.011085513285877,53.37942504443032],[26.032836784290225,53.3684973957383],[26.067180895881677,53.3684973957383],[26.090649371970983,53.37703486136979],[26.106676624526642,53.37259559281239],[26.18108886615829,53.36781432467143],[26.21543297864912,53.367472784641336],[26.273817968624428,53.364057236852034],[26.294424435938993,53.36098301055756],[26.307017276526153,53.35551717038118],[26.340826998367334,53.355175532325006],[26.36867795172617,53.36115925609482]]]},"properties":{"slug":"grodno","name":"Гродненская область","level":"region"}},{"type":"Feature","geometry":{"type":"Polygon","coordinates":[[[29.41984023304036,54.234828483447814],[29.427716464942932,54.22009540028256],[29.44381526756058,54.21120482394355],[29.46796347103742,54.203358608712904],[29.45991407017823,54.19289467025288],[29.44649840118035,54.185568336009965],[29.435765866701445,54.16567602752673],[29.44649840118035,54.15939225844602],[29.45097029174559,54.149964814724456],[29.44918153569938,54.13948735945411],[29.440237755468104,54.13215156344393],[29.428610843415754,54.12848317755663],[29.428610843415754,54.11747607196321],[29.44113213394087,54.10856341636861],[29.445604023606847,54.0975510209629],[29.44202651151437,54.08653570006254],[29.434871489128,54.08496184421381],[29.428610843415754,54.07551745456692],[29.435765866701445,54.06659577967156],[29.438448999421837,54.040869636524576],[29.422350198602828,54.033516383774156],[29.402673883892703,54.0303645918525],[29.37584254679615,54.02248406658646],[29.3499055872731,54.01302546405395],[29.335595540701718,53.9977820812781],[29.353483098466256,53.98779200999331],[29.369581901083905,53.9862144111662],[29.379420057989364,53.96570018731387],[29.37315941227712,53.96359559386161],[29.36868752261114,53.953071030303875],[29.382103191609076,53.94043804577922],[29.383891947655286,53.91621413017799],[29.40177950541988,53.896719473125245],[29.40177950541988,53.877215716731996],[29.391046970941034,53.86772411177839],[29.408040151132127,53.86086772456588],[29.41787830803753,53.85401021320081],[29.409828906279074,53.845568656668206],[29.39462448213419,53.84451334181733],[29.377631302842417,53.839764098534374],[29.3874694588485,53.82551313562277],[29.365110011417926,53.812841542303374],[29.438448999421837,53.807032447989116],[29.45812531413202,53.79858141889741],[29.493900431459792,53.79065703279588],[29.501949832318985,53.783259588259455],[29.49121729694076,53.77321811172652],[29.450075913272826,53.76634624358434],[29.41877268651035,53.76846078443771],[29.399990750272934,53.76793215934174],[29.3874694588485,53.760001982505514],[29.396413238180457,53.75207030739881],[29.416089551991263,53.75048379269293],[29.427716464942932,53.74572388974576],[29.41877268651035,53.73778951937089],[29.389258214894767,53.72985365072543],[29.3874694588485,53.71238946500188],[29.369581901083905,53.7086840081605],[29.351694342420046,53.72456223855653],[29.34096180794114,53.72985365072543],[29.32665176136976,53.72456223855653],[29.33291240708195,53.70709585578919],[29.31949673808407,53.693329353167144],[29.31413046994527,53.68167725739954],[29.30339793546642,53.675850001276615],[29.277460975943313,53.675320210659265],[29.265834062991644,53.67161149017818],[29.26046779575222,53.664193068955],[29.239002725895148,53.65995338424136],[29.21127701032583,53.64617146454151],[29.183551294756512,53.6493523072632],[29.158508713706226,53.66313318734677],[29.108423549807014,53.668432326490745],[29.097691015328166,53.66737255190179],[29.093219125662188,53.65942339397452],[29.101268527420643,53.646701622082276],[29.090535992042476,53.62602055510456],[29.073542811851325,53.618063598256526],[29.078014700617985,53.59789926104213],[29.087852858422707,53.582504210301124],[29.075331567897592,53.576132203338545],[29.02345764885149,53.57453905163595],[28.993048799662404,53.58038031469982],[28.977844374618257,53.57241475583635],[28.954590549614238,53.57029035301741],[28.95280179356797,53.56338530798564],[28.956379305660505,53.54425776048731],[28.963534328046876,53.53203285683094],[28.951907415994526,53.52724823691665],[28.928653590091187,53.52565324430185],[28.918815432286408,53.530969654026364],[28.90271662966876,53.54638347092049],[28.890195339143645,53.5623228929872],[28.871413403805605,53.57188366479937],[28.838321420996806,53.57241475583635],[28.831166396811795,53.57560115906631],[28.82580013047169,53.58993700358991],[28.81864510628668,53.59471453864512],[28.805229438188064,53.58887525588841],[28.784658745904437,53.58834437259475],[28.77839810019225,53.58409706163013],[28.77839810019225,53.574007987578625],[28.73904547257058,53.567634699981454],[28.709531001854316,53.57029035301741],[28.698798465576772,53.58356611808193],[28.68896030957069,53.58781348210658],[28.663023350047638,53.594183728196526],[28.643347035337456,53.60161446833308],[28.626353855146363,53.59630692952123],[28.619198831860672,53.587282584423804],[28.61204380857498,53.56869698188024],[28.59236749476412,53.56657239200234],[28.587001226625375,53.55010320719731],[28.563747401621356,53.54638347092049],[28.544071086911174,53.54532062874409],[28.520817261907155,53.541068995637715],[28.506507215335773,53.53043804318122],[28.506507215335773,53.52458988231729],[28.521711639480657,53.51980442153689],[28.566430535241068,53.52193135954468],[28.570902424907047,53.51608202326679],[28.55748675590911,53.51235929764351],[28.51992288433371,53.505444798039036],[28.502035325669794,53.505444798039036],[28.490408412718125,53.510763743851726],[28.47520398857324,53.510763743851726],[28.457316429909383,53.50757245640381],[28.447478273003924,53.49852916888608],[28.42305057552369,53.48426212249899],[28.41606324881991,53.47760917722178],[28.39510126601067,53.47511405407039],[28.39230633496942,53.48343056077181],[28.382524077224446,53.488419682922085],[28.372741817680776,53.4867567069565],[28.362959559935803,53.47095518963033],[28.33640771594338,53.46596401432788],[28.369946886639582,53.45265134378457],[28.417460713441244,53.445993442343536],[28.41885817986116,53.422682570644156],[28.410473386737465,53.41352123002082],[28.400691128093115,53.39352599772667],[28.38811393930689,53.38435837623814],[28.362959559935803,53.38185777261816],[28.358767163373955,53.37352136751713],[28.358767163373955,53.35434144350285],[28.36715195649765,53.3426624786905],[28.399293662572518,53.33181486156667],[28.411870851358742,53.33181486156667],[28.427242972984857,53.32346866284854],[28.42584550656494,53.31345106871191],[28.43283283416804,53.30677136680521],[28.437025230729887,53.290067538985795],[28.437025230729887,53.275864147512436],[28.409075921216868,53.26416369250046],[28.37413928410075,53.26583538199736],[28.353177301291453,53.27001432020478],[28.33640771594338,53.26834279438452],[28.335010250422783,53.252460035002684],[28.272124303793646,53.251623937095076],[28.234392734736957,53.257476280705816],[28.198058632100242,53.26583538199736],[28.157532133801,53.26750700674302],[28.151942271718497,53.274192850120016],[28.139365082032953,53.27335717759172],[28.09464618627254,53.26416369250046],[28.09604365179314,53.254132182254466],[28.108620840579363,53.23824414565087],[28.121198031164283,53.236571377866824],[28.123992961306158,53.22987965112503],[28.11281323804053,53.22318687937104],[28.11980056474431,53.21565626052808],[28.139365082032953,53.21230889394036],[28.160327064842193,53.20561337565681],[28.185481443314018,53.20226522396098],[28.198058632100242,53.18384571450815],[28.207840890744535,53.18384571450815],[28.220418080430136,53.190544634027674],[28.228802872654512,53.18552054263898],[28.244174994280627,53.18217082162619],[28.258149648587448,53.19221919955646],[28.269329372752395,53.190544634027674],[28.280509096917342,53.177983302087796],[28.297278682265414,53.176308179878674],[28.30845840643036,53.183008275711416],[28.30985587105164,53.19891681056242],[28.318240664175335,53.19891681056242],[28.347587439209008,53.191381925335634],[28.358767163373955,53.18468313711713],[28.36156209441515,53.16793158767268],[28.354574766812107,53.15284960082846],[28.36715195649765,53.14530661990466],[28.39510126601067,53.15117349745901],[28.427242972984857,53.14195375845924],[28.44680748937418,53.14446842927464],[28.47056440232535,53.15284960082846],[28.494321316175842,53.153687627781835],[28.511090902423234,53.152011557687274],[28.518078229127013,53.14027723060974],[28.518078229127013,53.12770117856661],[28.525065556730112,53.11512144559828],[28.540437676557588,53.10337703981861],[28.52925795329196,53.08239690869044],[28.540437676557588,53.07736015484733],[28.544630074018755,53.06728487909396],[28.54323260759884,53.058887015223604],[28.530655418812557,53.046287150032015],[28.530655418812557,53.036204605957835],[28.540437676557588,53.02359810826613],[28.55301486714245,53.0193951230865],[28.55441233176373,53.001738116420995],[28.568386986969927,53.000056119794124],[28.575374314573025,52.989962764969675],[28.56279712488748,52.9773427531656],[28.5502199361012,52.97145215239499],[28.53205288433321,52.972293716381955],[28.52227062568886,52.98070844973523],[28.509693436003317,52.98407388460214],[28.494321316175842,52.98154983295848],[28.457987213539127,52.963877343564604],[28.448204954894777,52.94872374280652],[28.459384678160404,52.94114495177814],[28.4677694712841,52.92261342636857],[28.478949195449047,52.91587272254816],[28.48453905753155,52.90660254237349],[28.48453905753155,52.88046681199381],[28.438422696250484,52.86022187304104],[28.42165311090241,52.85515916206572],[28.42165311090241,52.84840796225768],[28.464974540242906,52.831525367202005],[28.466372006662823,52.814636208894],[28.460782144580378,52.79182543219798],[28.452397351456682,52.78083819712515],[28.42165311090241,52.76139244610454],[28.39510126601067,52.758855402854635],[28.382524077224446,52.730091923603425],[28.39230633496942,52.72078202576995],[28.41606324881991,52.72078202576995],[28.431435368647385,52.71824261910166],[28.47056440232535,52.698768913554545],[28.493368969202606,52.684760946560516],[28.51120965520147,52.6913545051064],[28.526473705297292,52.69012093203543],[28.537667341974327,52.684569420642276],[28.557001804589675,52.69197127905136],[28.57430106094523,52.690737723067514],[28.604829161136934,52.683952542376005],[28.618058003174383,52.684569420642276],[28.633322053270206,52.69012093203543],[28.64349808636763,52.69690515404966],[28.659779739143687,52.699988542637186],[28.67504378923951,52.699988542637186],[28.69030783843607,52.69505501567647],[28.706589491212128,52.69505501567647],[28.72490635114724,52.702455097025165],[28.73609998782422,52.7036883220585],[28.750346434340543,52.699988542637186],[28.7676456906961,52.69012093203543],[28.776804120214024,52.6913545051064],[28.798173789988482,52.71170343356664],[28.80936742666546,52.716018653238336],[28.836842716118497,52.716018653238336],[28.848036351896155,52.719100691943424],[28.84600114563642,52.73265907435683],[28.827684286600572,52.73882058150468],[28.819543459762883,52.744365194198394],[28.818525856183385,52.76284213975299],[28.827684286600572,52.76776800179192],[28.858212385892955,52.763457902859955],[28.872458831509903,52.765920868953],[28.89179329502457,52.77330893086253],[28.90807494780063,52.773924545581394],[28.95997271686747,52.80469420907053],[28.964043130286257,52.81515093766569],[28.98439519648116,52.82437537382452],[28.996606435838373,52.83851570753393],[28.994367708502978,52.86297375983122],[29.00088037033288,52.86611912160026],[29.02823354714053,52.86611912160026],[29.057540522677016,52.868871127100874],[29.095965224415636,52.875946909322465],[29.103780417532278,52.87437461289812],[29.116154473749987,52.86533280296652],[29.132436126526045,52.87162295723374],[29.140251319642744,52.8794843674097],[29.140902585286142,52.89520291418319],[29.132436126526045,52.9120939943424],[29.16499943207816,52.93329672386477],[29.18518868231189,52.94781852570446],[29.191050076699753,52.95998168820438],[29.197562738529598,52.96508135232261],[29.198865270715714,52.976063198657755],[29.20733173037513,52.98272938825073],[29.217100722220607,52.9803767329999],[29.226869714066083,52.969395982038975],[29.250315294315442,52.96429682783639],[29.267899480176936,52.95174250071591],[29.346702679684995,52.95056534571421],[29.358425471158625,52.94507153122623],[29.37210205956245,52.932119067041356],[29.38512738142356,52.92897849146425],[29.39619890545515,52.93094137784237],[29.402060299843015,52.9423243631789],[29.41248055913053,52.94153942590384],[29.421598284433344,52.92544507223238],[29.433972340651053,52.91798468324657],[29.45090525996983,52.9187700485989],[29.4789097033202,52.93054880758143],[29.491935025181306,52.94036199301161],[29.524498331632742,52.95605846142888],[29.540128718765402,52.95919707198732],[29.571389492131402,52.95919707198732],[29.598091402396335,52.95488142333909],[29.613721790428315,52.963512288961],[29.624793314459964,52.96429682783639],[29.644982563794315,52.95880475803324],[29.680150934617984,52.95488142333909],[29.67363827368746,52.94821093948332],[29.679499668974586,52.9423243631789],[29.692524990835693,52.945463970186154],[29.7198781676434,52.94664126368343],[29.72183196637218,52.96272773569649],[29.734857289132663,52.97135703469945],[29.73746235260552,52.980768850901825],[29.708155377069033,52.99017861664987],[29.68926866082012,52.99801852313641],[29.67494080587352,53.00977571367832],[29.665171814028042,53.02231318750364],[29.691222458649577,53.05050918734918],[29.687966127734683,53.06538297574377],[29.663218014399888,53.063034824297745],[29.64693636162383,53.06655700380276],[29.63521357194884,53.08064284219347],[29.635864838491557,53.089639714801024],[29.656054087825964,53.10019886268742],[29.656705353469363,53.12170022198768],[29.667125611857557,53.13459587689823],[29.676894603703033,53.13811220271606],[29.694478789564528,53.139284247769865],[29.70945791015447,53.12443598753083],[29.727042095116644,53.12052769759521],[29.74853387663717,53.12521760271028],[29.75634907065313,53.13186075886699],[29.75569780411041,53.143581470208744],[29.770025659056955,53.14709705948178],[29.778492118716372,53.15295573701769],[29.777189586530255,53.15881361505632],[29.766118062498663,53.16740372340314],[29.75960540156808,53.180675963125225],[29.78695857837573,53.19550478541754],[29.79412250584903,53.20174696624957],[29.788912376205246,53.21227858498878],[29.788912376205246,53.22982553082363],[29.777189586530255,53.24268872200696],[29.767420594684722,53.262171042159935],[29.76807186032812,53.27930814535466],[29.760907933754197,53.284759420111186],[29.75569780411041,53.29721686416701],[29.76351299722711,53.30461175372949],[29.793471239306314,53.310059799020564],[29.801286433322275,53.31433991905209],[29.80324023115179,53.32717770438762],[29.827988343587265,53.34001162803423],[29.852736456022683,53.34351111854335],[29.860551650038644,53.338456206488786],[29.859900384395303,53.319786724178016],[29.868366843155343,53.31628528663674],[29.88529976247412,53.32173184265048],[29.898325084335227,53.335734082761746],[29.907442810537304,53.33417850473427],[29.91981686765439,53.32601079266402],[29.919165600212352,53.31939768915208],[29.905489012707847,53.30811414814946],[29.90418647962241,53.29916301146386],[29.926329528584915,53.29371357492158],[29.948472575748838,53.30033065793356],[29.960195367222468,53.3209538058735],[29.968661825982508,53.327566667467806],[30.005132728992294,53.32406586844513],[30.016855518667285,53.318230565188514],[30.02597324486942,53.30889241964951],[30.075469470639632,53.30811414814946],[30.130175823355614,53.28281261630923],[30.141898614829245,53.27268780679691],[30.14385241265876,53.24775497900913],[30.15101634013206,53.23411369079423],[30.17511318602476,53.22163785020666],[30.195302435359167,53.2181283655317],[30.21874801650779,53.21851832236274],[30.26498791046373,53.226706599230226],[30.274105636665865,53.232554409358556],[30.287130959426293,53.23567291557265],[30.332068322095438,53.23606271232438],[30.341186046498876,53.24580648987768],[30.360724030189886,53.252820636163506],[30.391333537912487,53.251651691972086],[30.40175379630068,53.25437917925575],[30.408917723773982,53.262560598792675],[30.40631265940175,53.27151940489665],[30.414779119061166,53.278529336060046],[30.4408297636827,53.27619282004264],[30.462321546102544,53.27074045260986],[30.473393070134136,53.27151940489665],[30.487069657638642,53.282033869967165],[30.513120303159496,53.28514876989988],[30.53526335122274,53.29838456279737],[30.560011463658157,53.29916301146386],[30.576944382976933,53.306557563780586],[30.581503246078,53.3267887377101],[30.59322603665231,53.332622870948796],[30.603646294141186,53.32951143250665],[30.608205157242253,53.32134282651032],[30.604948826327302,53.306557563780586],[30.599087431040175,53.29682762409561],[30.602343761055806,53.287484796686044],[30.65249125246936,53.28709546758182],[30.680495696719106,53.28437006672527],[30.67919316453299,53.25866487958058],[30.695474817309048,53.24814466604357],[30.711105203542388,53.24853435038],[30.73455078469101,53.25554804880346],[30.733248251605573,53.26723499240103],[30.73780711470664,53.27190887609379],[30.771021686801475,53.26840351121314],[30.790559670492428,53.2703509715202],[30.80488752543897,53.276971672504715],[30.854383751209184,53.276971672504715],[30.862198944325883,53.28281261630923],[30.864804008698115,53.29371357492158],[30.892157185505766,53.29682762409561],[30.91495150011167,53.30149827112837],[30.933186950717243,53.293324303373936],[30.978775579029787,53.29371357492158],[30.99310343397633,53.29643838042699],[31.010687619837825,53.30344422417164],[31.029574336986116,53.30344422417164],[31.03152813571495,53.28709546758182],[31.02436420824165,53.27151940489665],[31.01199015202394,53.25632727808147],[31.02436420824165,53.25398954887862],[31.046507256304892,53.244637354130646],[31.041948393203825,53.23021538153466],[31.045855990661494,53.22319752914274],[31.07516296619798,53.22280761457978],[31.085583223686854,53.2204680543573],[31.088188288059087,53.214228600269735],[31.084280690601418,53.204867715372814],[31.110982602665047,53.1947244490741],[31.109028803936212,53.18301769700918],[31.133573396195345,53.17833410243691],[31.136626206034634,53.1728448619009],[31.131538189036235,53.15942376459509],[31.123397363097865,53.151491142502266],[31.123397363097865,53.1429466801452],[31.13866141229437,53.13073735544464],[31.151890255231137,53.130126798513004],[31.176312734844885,53.13379001239923],[31.201752818038187,53.13073735544464],[31.207858437716766,53.12218876340074],[31.22210488423309,53.11180604541272],[31.25365058710497,53.108140957339344],[31.292319512335666,53.10569739232085],[31.348287695720614,53.0971438198315],[31.388461442141875,53.0871378638214],[31.403397274764473,53.09978596684897],[31.40697478595763,53.10730338364431],[31.389981605766536,53.11213531509276],[31.378354692814867,53.12072407445652],[31.37924907128769,53.13145761167948],[31.398925385098494,53.14379786507948],[31.403397274764473,53.15774344880117],[31.41144667562361,53.16471454184267],[31.415918565289587,53.19312343819615],[31.43112299033379,53.20223174130189],[31.456165571384076,53.20276746294809],[31.475841885194882,53.196874150721555],[31.53397644995323,53.185085093602254],[31.551864008617144,53.17865333298499],[31.568857188808295,53.175973148242235],[31.59568852590479,53.18937239831757],[31.626991752667323,53.2134805019237],[31.63593553199928,53.21830049487198],[31.669921892381467,53.205981656128586],[31.697647607950785,53.19740993981691],[31.72716207866705,53.19258759604077],[31.74683839337723,53.19258759604077],[31.762937195994823,53.181333350453826],[31.78082475375942,53.17222060739516],[31.78797977704511,53.1620334865562],[31.7861910209989,53.14755289075333],[31.805867335709024,53.11642990971262],[31.838959318517766,53.09924895827288],[31.862213143521785,53.09763789207511],[31.880995079759202,53.09978596684897],[31.89888263842306,53.105692619618765],[31.907826417755018,53.09924895827288],[31.91050955137473,53.08420999589464],[31.921242085853635,53.07668854294195],[31.952545313515486,53.07668854294195],[31.975799138519506,53.07937492671158],[32.0071023661813,53.091193024738345],[32.024989923945895,53.08582156481344],[32.03840559294383,53.077225833005855],[32.055398773134925,53.072389980513265],[32.09564577922936,53.07185262929545],[32.14215343103609,53.077225833005855],[32.15556909913465,53.08367279216566],[32.170773524178855,53.09817492133561],[32.18061168108426,53.10247090990464],[32.21191490784679,53.092267236144096],[32.22533057684467,53.105692619618765],[32.22801371046444,53.11911381315201],[32.23964062341611,53.12072407445652],[32.266471960512604,53.11320900399238],[32.292408920035655,53.11750349069359],[32.31029647869957,53.124481117309756],[32.33086717008388,53.15398931435544],[32.3317615485567,53.16632309533463],[32.34249408303555,53.175437091148865],[32.365747908938886,53.17972535993749],[32.413149938319066,53.18347724427946],[32.43372063060269,53.20330317829911],[32.46434412997769,53.22515466255766],[32.471785354410656,53.23509125745562],[32.47235775580583,53.250848023617436],[32.49410902681018,53.27241852909191],[32.49296422312045,53.284739648515995],[32.481516186223075,53.29295175382043],[32.49296422312045,53.29910979767908],[32.51872230748853,53.290898875882476],[32.533604755455144,53.29363602548227],[32.55821803523418,53.290556719816834],[32.5816865122228,53.300478131460636],[32.593386406057846,53.31917885621931],[32.59082204590072,53.32990037490242],[32.59595076621491,53.333181933599406],[32.63624785825209,53.313488793473084],[32.652366694167654,53.32333649937999],[32.662257798658516,53.336900728286025],[32.67788580078911,53.334351782508804],[32.690407091314285,53.32687410945266],[32.7127665387448,53.32313478054573],[32.720815940503314,53.33007898655603],[32.723499074123026,53.34022617749616],[32.71097778359791,53.373321273757824],[32.71187216117136,53.38132429118315],[32.71992156203049,53.39145928821563],[32.73602036464814,53.39145928821563],[32.75301354483929,53.38719221554834],[32.76732359141067,53.38825902373503],[32.76195732417125,53.401058638245615],[32.73333723102843,53.40532432146034],[32.73154847498216,53.427712140702795],[32.74138663188762,53.43890163060581],[32.74317538793383,53.45168601239959],[32.73602036464814,53.4591417923599],[32.69577335855371,53.4554140656067],[32.676097044742846,53.4554140656067],[32.654631974885774,53.45860927949468],[32.64747695160008,53.464466546893675],[32.64658257312732,53.484694527330646],[32.631378148982435,53.49001607757998],[32.6179624799845,53.484694527330646],[32.60365243341312,53.47511405407039],[32.593814276507715,53.4756463600915],[32.58749773253436,53.49590226447799],[32.57911293941066,53.5050458497862],[32.553958560938895,53.50920137324482],[32.52880418246713,53.5183420897157],[32.51063713069908,53.52997287784609],[32.49666247549288,53.53080352676142],[32.450546115111194,53.55903587900269],[32.43098159782255,53.573974796299865],[32.41840440813695,53.58641986298636],[32.41840440813695,53.598031953312045],[32.42399427021945,53.617930969838426],[32.41141708143323,53.636992062833485],[32.40023735726828,53.63947765766784],[32.398839891747684,53.65273168971578],[32.4211993391782,53.66432555168291],[32.4533969444135,53.675850001276615],[32.471284502178094,53.68379606103946],[32.48201703755632,53.69279978288375],[32.478439525463784,53.701801580178824],[32.44981943232102,53.71503601959665],[32.450713810793786,53.72244548716952],[32.436403764222405,53.72932453909624],[32.39794551327486,53.72456223855653],[32.389001734842225,53.72085785460638],[32.35054348389474,53.716623872493756],[32.344282839081814,53.71979939842356],[32.33891657184239,53.73091185240014],[32.31924025713221,53.75365676274947],[32.27541573984456,53.749954941867145],[32.27541573984456,53.760001982505514],[32.26557758293916,53.76951801484455],[32.236957489796396,53.764231596610955],[32.21817555355898,53.76264554145865],[32.21102053027329,53.766874888465395],[32.20654864060731,53.78378802000117],[32.198499238848854,53.78854360979983],[32.17435103537201,53.786958472855304],[32.16093536637413,53.78801523741333],[32.15288596551494,53.794355266282594],[32.11800522665993,53.81178540367347],[32.09922329042257,53.81178540367347],[32.08044135508453,53.80333533235978],[32.059870662800904,53.797524920538706],[32.03751121447101,53.793826966741165],[31.998158586849343,53.793298660904554],[31.94360153418353,53.78273114842381],[31.923925219473347,53.7806173270281],[31.914087062567944,53.78960033478768],[31.897988260849615,53.789071975891034],[31.879206324612255,53.78220270319224],[31.833593050379022,53.78590168221689],[31.80676171328247,53.79488355862941],[31.7951348003308,53.801750754793545],[31.78350788737913,53.80386351229129],[31.77009221928057,53.797524920538706],[31.761148439948613,53.80386351229129],[31.759359683902346,53.81653781976462],[31.749521526996944,53.83026399588675],[31.763831573568325,53.83501431655753],[31.76472595114177,53.842402633874485],[31.792451666711088,53.84926204730567],[31.796923556377067,53.859812795524135],[31.79066291066482,53.87194286836876],[31.82375489347362,53.87616120047909],[31.83090991675931,53.884069424864094],[31.83538180642529,53.89830045969853],[31.847903096950404,53.90356998416746],[31.853269365089204,53.91041937195649],[31.84700871937696,53.92622136502405],[31.836991686417264,53.93403587375661],[31.828978060589066,53.95121843138554],[31.842715705765272,53.95761796749525],[31.871335798908035,53.9619960317915],[31.88106663072051,53.96671035529869],[31.879921827030728,53.975464113278235],[31.866756584149073,53.993975620678384],[31.835274481332306,54.009451654470354],[31.840426098385763,54.019541620649306],[31.882211434410237,54.030973957182425],[31.887363050564375,54.04341145877186],[31.877632218751955,54.0571892092147],[31.898238686066577,54.065252114293685],[31.899777015996563,54.070269642430105],[31.872051301326564,54.08076460300407],[31.837170562471556,54.08233861803285],[31.814811114141662,54.0891586609435],[31.794240422757355,54.08076460300407],[31.772775352900283,54.07814111152311],[31.759359683902346,54.08076460300407],[31.76025406147579,54.10331978338138],[31.762937195994823,54.11223356582644],[31.753993416662922,54.118000286783854],[31.728950834713316,54.11485490163244],[31.681548805333136,54.111184985099044],[31.66634438118831,54.113282120473514],[31.652928712190374,54.12166959987218],[31.645773688904683,54.134247637618444],[31.643984932858416,54.14420254271323],[31.610320548654443,54.13908916393382],[31.58971408133982,54.13875383821909],[31.57139722140471,54.14344814911283],[31.54964595129968,54.15417600531845],[31.531901492759744,54.15853340229472],[31.49870218485802,54.16222007229857],[31.488398951650368,54.17629342899858],[31.46092366219733,54.19237140331768],[31.440961147239193,54.20754344197633],[31.42665110066781,54.215911837761155],[31.425756722195047,54.22323279315896],[31.413235431669875,54.22532425650928],[31.40071414114476,54.22218702191361],[31.397136629052227,54.239438862413635],[31.3819322049074,54.252503637532925],[31.35331211176458,54.24518787302196],[31.33184704190751,54.244665268887104],[31.316642616863305,54.24727822391094],[31.309487593577614,54.25668349214948],[31.30859321600417,54.26765359423803],[31.313959483243593,54.29271715467303],[31.312170727197326,54.30993950910113],[31.30143819271848,54.32141707613721],[31.290705657340254,54.326633093642386],[31.309487593577614,54.339670244286424],[31.314853861716415,54.35426694616268],[31.31127634962388,54.36468998885198],[31.288022523720542,54.38240309162944],[31.265663076289968,54.39386044010729],[31.264768697817203,54.41051996372539],[31.24956427367232,54.422489816951554],[31.24956427367232,54.43289554499347],[31.23346547105467,54.4510992099606],[31.23346547105467,54.464096874970835],[31.215577913290133,54.48072786489911],[31.20037348824593,54.4854041120102],[31.186957820147313,54.470334288496645],[31.166530930358192,54.475632097543325],[31.158004016472262,54.46784352885584],[31.1399509195993,54.45830447746971],[31.11519293620512,54.4510992099606],[31.095731272580224,54.44743832351986],[31.072262796490918,54.43811822377705],[31.04993912319202,54.4228020273917],[31.04650471212284,54.408479535102515],[31.02418103972326,54.405314588797296],[31.023286661250495,54.419367583946894],[31.014342882817857,54.42873357069777],[31.002715969866188,54.43081461000628],[30.99377219053423,54.426132122499496],[30.97677901034308,54.42561181253518],[30.97499025429687,54.43237532136402],[30.95084205082003,54.43185509054007],[30.92848260338951,54.43757725998262],[30.921327579204444,54.44225844077448],[30.900756887820194,54.44121822464143],[30.89717937572766,54.4354965642151],[30.898073754200425,54.41572467675246],[30.88555246367531,54.407917358998986],[30.86677052743795,54.40271165491902],[30.839939189442077,54.40114981401274],[30.825629142870696,54.406876270523526],[30.801480938494592,54.407396817908875],[30.788065270395975,54.39802595503386],[30.778227113490573,54.3964639369612],[30.776438357444306,54.40895842049474],[30.771072091104145,54.41468378702723],[30.752290153967465,54.41260192843629],[30.743346374635507,54.420408354961694],[30.710254392726085,54.42925384109196],[30.694155590108437,54.42665242526925],[30.68610618834998,54.41156095957069],[30.69057807801596,54.403232254465024],[30.679845543537056,54.391777523913674],[30.65927485125343,54.386569770278754],[30.630654758110666,54.384486483564444],[30.597562775301867,54.38031959357443],[30.585041483877433,54.37563133691674],[30.587724618396464,54.3683374286295],[30.615450333066462,54.356872954823075],[30.620816601205206,54.35218202088362],[30.614555955493017,54.34227717834915],[30.60561217616106,54.33706314474841],[30.573414571825083,54.3292408541821],[30.568942681259784,54.32298195045672],[30.57520332697203,54.302633935707604],[30.568942681259784,54.29532706459241],[30.544794477783,54.2854085244839],[30.536745077823127,54.278098597472365],[30.534061943304096,54.26765359423803],[30.525118164871458,54.266086615504946],[30.50901936225381,54.2791429522855],[30.492026182062716,54.274443147433374],[30.48308240183144,54.277576410622885],[30.48308240183144,54.2854085244839],[30.489343047543684,54.29898066202799],[30.465194844066843,54.3057650540141],[30.427630971592123,54.33602025942747],[30.414215302594187,54.33497734622762],[30.409743412928208,54.32298195045672],[30.401694012069072,54.31828714763378],[30.375757053445284,54.320895437874185],[30.365024518067116,54.31985214156316],[30.357869494781426,54.313070071626555],[30.355186360262394,54.30367766818989],[30.345348204256254,54.29062910694779],[30.29794617397681,54.29062910694779],[30.284530505878195,54.292195152184604],[30.265748569640834,54.298458739579246],[30.26664294721428,54.3057650540141],[30.2883927873973,54.33001021699795],[30.294254181785107,54.33940829066012],[30.27850168290638,54.35563626829918],[30.263848196037486,54.353714868546376],[30.240768952824965,54.354995811607466],[30.23161052240772,54.363747854579856],[30.219155057759735,54.36332096888765],[30.210362965278648,54.35136636906276],[30.208897616232036,54.34004899016884],[30.19644215158405,54.3319327247155],[30.179956978631708,54.33364154542102],[30.186184710955672,54.35179337886137],[30.18245962641066,54.361465642325584],[30.164292575541992,54.36227989570068],[30.146125523773946,54.36716507241022],[30.1405356616915,54.37449174929486],[30.122368610822775,54.3793754744986],[30.10979142113723,54.37693368384248],[30.10979142113723,54.34762087710186],[30.1000091633922,54.33947471818374],[30.08882943922731,54.33866001244968],[30.080444646103558,54.34354799864127],[30.06227759433557,54.34762087710186],[30.05529026763179,54.33784529232645],[30.06227759433557,54.32562254164702],[30.06507252537682,54.31339615860588],[30.05249533659054,54.308504587716584],[30.037123215863744,54.31095044600636],[30.02734095721945,54.308504587716584],[30.023148560657603,54.301981589079105],[30.025943491698854,54.28159055525998],[30.011968836492656,54.27261530145506],[29.995199251144584,54.27669520452014],[29.993801785623987,54.28403801164495],[29.985416992500234,54.28811678426223],[29.946920730807108,54.281356896103944],[29.92516945980276,54.28235939826766],[29.918300637664345,54.28870800936721],[29.916011030284892,54.300066239965076],[29.904562993387458,54.307747972790764],[29.906852600766967,54.33145210632972],[29.903990591092963,54.33478961904575],[29.885673731157794,54.33579081989046],[29.881666918693384,54.31843321641986],[29.86907407810628,54.31309094129398],[29.853619226945796,54.32210562857193],[29.84217119004842,54.32243946770734],[29.821564722733797,54.31342485417372],[29.79981345172945,54.3144265748266],[29.79408943328076,54.3191009522472],[29.772910564570964,54.31642994418661],[29.754593704635795,54.307747972790764],[29.74142846175414,54.307747972790764],[29.728263218872485,54.312089188265475],[29.70765675245724,54.30607815298441],[29.675602247345864,54.30808192883802],[29.65499578093062,54.32110409407875],[29.633816911321446,54.32110409407875],[29.623513677214476,54.33011702498078],[29.609776032937646,54.33178586992199],[29.582873145779104,54.32911568564043],[29.5719975102769,54.32210562857193],[29.570852706587175,54.314092670940056],[29.578866332415373,54.306412122521465],[29.577149126431095,54.30040025806551],[29.55997707108503,54.29505564200434],[29.534218986716894,54.294053449207354],[29.52735016457848,54.289710332565846],[29.524488155803795,54.280020189680044],[29.513040118007098,54.27634402195912],[29.51132291292214,54.25996438085156],[29.50330928619468,54.25160491353597],[29.48155801608965,54.25026724213956],[29.45923434279075,54.242240298251204],[29.41984023304036,54.234828483447814]]]},"properties":{"slug":"mogilev","name":"Могилёвская область","level":"region"}},{"type":"Feature","geometry":{"type":"Polygon","coordinates":[[[27.29535417735343,52.391327857894396],[27.312512701499998,52.39491011391067],[27.318773347212243,52.40418711454373],[27.333083393783625,52.41782622010402],[27.342027172216262,52.42218984308687],[27.37422477745156,52.43255171658848],[27.38585169040323,52.44018522326951],[27.392112336115474,52.45708328216779],[27.377802289544093,52.477788188374234],[27.373330399878114,52.494127288043956],[27.39300671368892,52.49793887118199],[27.403739249067144,52.50283899282533],[27.4073167602603,52.51046031908851],[27.430570586163697,52.52678728150789],[27.441303120642544,52.53005194644021],[27.47350072587784,52.522434018715046],[27.499437685400892,52.53821254577241],[27.50838146473285,52.53821254577241],[27.533424045783136,52.53222825453037],[27.56025538287969,52.536580546954724],[27.57009353978509,52.54637162884762],[27.587086720875504,52.5469155136401],[27.6049742786401,52.53712455315565],[27.630016860589706,52.54256424554353],[27.6470100407808,52.54093240860385],[27.65953133130597,52.534948487882446],[27.664897599444714,52.52787553043146],[27.653270686493045,52.52134563489318],[27.648798796827066,52.51427048669365],[27.65863695373247,52.49957230531771],[27.65505944163999,52.48922619513286],[27.663108843398447,52.48650312981562],[27.689940180495,52.488681595379376],[27.716771517591496,52.47942237164517],[27.725715297822774,52.461443019180024],[27.744497233160814,52.451087939157105],[27.747180366780526,52.43582338094433],[27.76506792544444,52.431461107843916],[27.791004884967492,52.43364229925277],[27.850928204872787,52.43255171658848],[27.887597698874742,52.42927980941573],[27.911745903250903,52.42546227726234],[27.934999728254923,52.42382609030187],[27.973457979202408,52.431461107843916],[27.983296136107867,52.43582338094433],[27.990451159393558,52.44563691800943],[27.986873648200344,52.46089807588555],[27.995817426632982,52.47179566383886],[28.005655583538385,52.47724344742721],[28.00744433958465,52.49303820365026],[27.996711805105747,52.50338341721101],[28.002078072345228,52.51753608062569],[28.036064432727414,52.51644757629464],[28.071839550055245,52.51753608062569],[28.087043974200128,52.52080143353936],[28.1085090440572,52.52188982995176],[28.137129137199963,52.525699006504],[28.148756049252313,52.52134563489318],[28.148756049252313,52.512637597547155],[28.155911073437323,52.50066122873278],[28.15501669496456,52.492493650661515],[28.163066095823694,52.487047756548805],[28.18095365448761,52.49303820365026],[28.207784991584163,52.49576086427254],[28.217623149388885,52.491949091377535],[28.231933195960266,52.477788188374234],[28.266813933915955,52.48486921004604],[28.29632840553154,52.48759237608732],[28.330314765913784,52.48759237608732],[28.363406749621845,52.491949091377535],[28.377716796193226,52.495216345458005],[28.400970621197246,52.520257224990985],[28.44658389543048,52.542020306791756],[28.459999563529095,52.545827737759964],[28.461788319575362,52.558879278456004],[28.45821080748283,52.58714430036923],[28.44658389543048,52.644705049998095],[28.448372650577426,52.65392945018402],[28.49130279029157,52.67074540547611],[28.499352191150763,52.68104876099159],[28.493368969202606,52.684760946560516],[28.47056440232535,52.698768913554545],[28.431435368647385,52.71824261910166],[28.41606324881991,52.72078202576995],[28.39230633496942,52.72078202576995],[28.382524077224446,52.730091923603425],[28.39510126601067,52.758855402854635],[28.42165311090241,52.76139244610454],[28.452397351456682,52.78083819712515],[28.460782144580378,52.79182543219798],[28.466372006662823,52.814636208894],[28.464974540242906,52.831525367202005],[28.42165311090241,52.84840796225768],[28.42165311090241,52.85515916206572],[28.438422696250484,52.86022187304104],[28.48453905753155,52.88046681199381],[28.48453905753155,52.90660254237349],[28.478949195449047,52.91587272254816],[28.4677694712841,52.92261342636857],[28.459384678160404,52.94114495177814],[28.448204954894777,52.94872374280652],[28.457987213539127,52.963877343564604],[28.494321316175842,52.98154983295848],[28.509693436003317,52.98407388460214],[28.52227062568886,52.98070844973523],[28.53205288433321,52.972293716381955],[28.5502199361012,52.97145215239499],[28.56279712488748,52.9773427531656],[28.575374314573025,52.989962764969675],[28.568386986969927,53.000056119794124],[28.55441233176373,53.001738116420995],[28.55301486714245,53.0193951230865],[28.540437676557588,53.02359810826613],[28.530655418812557,53.036204605957835],[28.530655418812557,53.046287150032015],[28.54323260759884,53.058887015223604],[28.544630074018755,53.06728487909396],[28.540437676557588,53.07736015484733],[28.52925795329196,53.08239690869044],[28.540437676557588,53.10337703981861],[28.525065556730112,53.11512144559828],[28.518078229127013,53.12770117856661],[28.518078229127013,53.14027723060974],[28.511090902423234,53.152011557687274],[28.494321316175842,53.153687627781835],[28.47056440232535,53.15284960082846],[28.44680748937418,53.14446842927464],[28.427242972984857,53.14195375845924],[28.39510126601067,53.15117349745901],[28.36715195649765,53.14530661990466],[28.354574766812107,53.15284960082846],[28.36156209441515,53.16793158767268],[28.358767163373955,53.18468313711713],[28.347587439209008,53.191381925335634],[28.318240664175335,53.19891681056242],[28.30985587105164,53.19891681056242],[28.30845840643036,53.183008275711416],[28.297278682265414,53.176308179878674],[28.280509096917342,53.177983302087796],[28.269329372752395,53.190544634027674],[28.258149648587448,53.19221919955646],[28.244174994280627,53.18217082162619],[28.228802872654512,53.18552054263898],[28.220418080430136,53.190544634027674],[28.207840890744535,53.18384571450815],[28.198058632100242,53.18384571450815],[28.185481443314018,53.20226522396098],[28.160327064842193,53.20561337565681],[28.139365082032953,53.21230889394036],[28.11980056474431,53.21565626052808],[28.11281323804053,53.22318687937104],[28.123992961306158,53.22987965112503],[28.121198031164283,53.236571377866824],[28.108620840579363,53.23824414565087],[28.09604365179314,53.254132182254466],[28.09464618627254,53.26416369250046],[28.139365082032953,53.27335717759172],[28.151942271718497,53.274192850120016],[28.157532133801,53.26750700674302],[28.198058632100242,53.26583538199736],[28.234392734736957,53.257476280705816],[28.272124303793646,53.251623937095076],[28.335010250422783,53.252460035002684],[28.33640771594338,53.26834279438452],[28.353177301291453,53.27001432020478],[28.37413928410075,53.26583538199736],[28.409075921216868,53.26416369250046],[28.437025230729887,53.275864147512436],[28.437025230729887,53.290067538985795],[28.43283283416804,53.30677136680521],[28.42584550656494,53.31345106871191],[28.427242972984857,53.32346866284854],[28.411870851358742,53.33181486156667],[28.399293662572518,53.33181486156667],[28.36715195649765,53.3426624786905],[28.358767163373955,53.35434144350285],[28.358767163373955,53.37352136751713],[28.362959559935803,53.38185777261816],[28.38811393930689,53.38435837623814],[28.400691128093115,53.39352599772667],[28.410473386737465,53.41352123002082],[28.41885817986116,53.422682570644156],[28.417460713441244,53.445993442343536],[28.369946886639582,53.45265134378457],[28.33640771594338,53.46596401432788],[28.362959559935803,53.47095518963033],[28.372741817680776,53.4867567069565],[28.382524077224446,53.488419682922085],[28.39230633496942,53.48343056077181],[28.39510126601067,53.47511405407039],[28.41606324881991,53.47760917722178],[28.42305057552369,53.48426212249899],[28.447478273003924,53.49852916888608],[28.457316429909383,53.50757245640381],[28.47520398857324,53.510763743851726],[28.490408412718125,53.510763743851726],[28.502035325669794,53.505444798039036],[28.51992288433371,53.505444798039036],[28.55748675590911,53.51235929764351],[28.570902424907047,53.51608202326679],[28.566430535241068,53.52193135954468],[28.521711639480657,53.51980442153689],[28.506507215335773,53.52458988231729],[28.506507215335773,53.53043804318122],[28.520817261907155,53.541068995637715],[28.544071086911174,53.54532062874409],[28.563747401621356,53.54638347092049],[28.587001226625375,53.55010320719731],[28.59236749476412,53.56657239200234],[28.61204380857498,53.56869698188024],[28.619198831860672,53.587282584423804],[28.626353855146363,53.59630692952123],[28.643347035337456,53.60161446833308],[28.663023350047638,53.594183728196526],[28.68896030957069,53.58781348210658],[28.698798465576772,53.58356611808193],[28.709531001854316,53.57029035301741],[28.73904547257058,53.567634699981454],[28.77839810019225,53.574007987578625],[28.77839810019225,53.58409706163013],[28.784658745904437,53.58834437259475],[28.805229438188064,53.58887525588841],[28.81864510628668,53.59471453864512],[28.82580013047169,53.58993700358991],[28.831166396811795,53.57560115906631],[28.838321420996806,53.57241475583635],[28.871413403805605,53.57188366479937],[28.890195339143645,53.5623228929872],[28.90271662966876,53.54638347092049],[28.918815432286408,53.530969654026364],[28.928653590091187,53.52565324430185],[28.951907415994526,53.52724823691665],[28.963534328046876,53.53203285683094],[28.956379305660505,53.54425776048731],[28.95280179356797,53.56338530798564],[28.954590549614238,53.57029035301741],[28.977844374618257,53.57241475583635],[28.993048799662404,53.58038031469982],[29.02345764885149,53.57453905163595],[29.075331567897592,53.576132203338545],[29.087852858422707,53.582504210301124],[29.078014700617985,53.59789926104213],[29.073542811851325,53.618063598256526],[29.090535992042476,53.62602055510456],[29.101268527420643,53.646701622082276],[29.093219125662188,53.65942339397452],[29.097691015328166,53.66737255190179],[29.108423549807014,53.668432326490745],[29.158508713706226,53.66313318734677],[29.183551294756512,53.6493523072632],[29.21127701032583,53.64617146454151],[29.239002725895148,53.65995338424136],[29.26046779575222,53.664193068955],[29.265834062991644,53.67161149017818],[29.277460975943313,53.675320210659265],[29.30339793546642,53.675850001276615],[29.31413046994527,53.68167725739954],[29.31949673808407,53.693329353167144],[29.33291240708195,53.70709585578919],[29.32665176136976,53.72456223855653],[29.34096180794114,53.72985365072543],[29.351694342420046,53.72456223855653],[29.369581901083905,53.7086840081605],[29.3874694588485,53.71238946500188],[29.389258214894767,53.72985365072543],[29.41877268651035,53.73778951937089],[29.427716464942932,53.74572388974576],[29.416089551991263,53.75048379269293],[29.396413238180457,53.75207030739881],[29.3874694588485,53.760001982505514],[29.399990750272934,53.76793215934174],[29.41877268651035,53.76846078443771],[29.450075913272826,53.76634624358434],[29.49121729694076,53.77321811172652],[29.501949832318985,53.783259588259455],[29.493900431459792,53.79065703279588],[29.45812531413202,53.79858141889741],[29.438448999421837,53.807032447989116],[29.365110011417926,53.812841542303374],[29.3874694588485,53.82551313562277],[29.377631302842417,53.839764098534374],[29.39462448213419,53.84451334181733],[29.409828906279074,53.845568656668206],[29.41787830803753,53.85401021320081],[29.408040151132127,53.86086772456588],[29.391046970941034,53.86772411177839],[29.40177950541988,53.877215716731996],[29.40177950541988,53.896719473125245],[29.383891947655286,53.91621413017799],[29.382103191609076,53.94043804577922],[29.36868752261114,53.953071030303875],[29.37315941227712,53.96359559386161],[29.379420057989364,53.96570018731387],[29.369581901083905,53.9862144111662],[29.353483098466256,53.98779200999331],[29.335595540701718,53.9977820812781],[29.3499055872731,54.01302546405395],[29.37584254679615,54.02248406658646],[29.402673883892703,54.0303645918525],[29.422350198602828,54.033516383774156],[29.438448999421837,54.040869636524576],[29.435765866701445,54.06659577967156],[29.428610843415754,54.07551745456692],[29.434871489128,54.08496184421381],[29.44202651151437,54.08653570006254],[29.445604023606847,54.0975510209629],[29.44113213394087,54.10856341636861],[29.428610843415754,54.11747607196321],[29.428610843415754,54.12848317755663],[29.440237755468104,54.13215156344393],[29.44918153569938,54.13948735945411],[29.45097029174559,54.149964814724456],[29.44649840118035,54.15939225844602],[29.435765866701445,54.16567602752673],[29.44649840118035,54.185568336009965],[29.45991407017823,54.19289467025288],[29.46796347103742,54.203358608712904],[29.44381526756058,54.21120482394355],[29.427716464942932,54.22009540028256],[29.41984023304036,54.234828483447814],[29.40829057634909,54.2335426804504],[29.387111707639235,54.226181725905974],[29.375663670741858,54.22450859839313],[29.356202007116963,54.22785478596967],[29.34418156792509,54.23922979162165],[29.36020882048075,54.24692287209291],[29.356202007116963,54.25963003539789],[29.361353624170476,54.264644942909854],[29.381960091485098,54.26431063432835],[29.39054611870847,54.26798787583988],[29.388828913623513,54.28369602914847],[29.40829057634909,54.3057441807494],[29.399658756546444,54.31419952029171],[29.382440908621106,54.31954165152604],[29.376213176297085,54.34239813626505],[29.35643096821468,54.34816365392953],[29.357896317261293,54.3532878785328],[29.397460733426158,54.356917152004996],[29.421272650712297,54.37655236140239],[29.439589510647465,54.382313087479076],[29.426035034889026,54.40492145286282],[29.44728259201804,54.42943530899237],[29.436658813453505,54.434549396437546],[29.429332070019086,54.442645393869896],[29.417975616481556,54.44669279273825],[29.428233058009255,54.46436884614536],[29.45534201042551,54.489059941563085],[29.454609336351837,54.49480486924938],[29.44068852265724,54.509057312445066],[29.45570834746229,54.53053294573891],[29.468530149147114,54.53584695337423],[29.473292532424466,54.54201033470923],[29.470361835230563,54.55029755318958],[29.4604707307397,54.55709606543115],[29.466332126026828,54.571114416896876],[29.48941136923935,54.58151886340488],[29.49270840347009,54.58618938363321],[29.480252939721424,54.59107162855287],[29.477688579564358,54.60486611178169],[29.46230241682315,54.609533955627626],[29.442153870804532,54.60804879001972],[29.425462633493794,54.59826125954953],[29.415159399386823,54.58599036726167],[29.398559745435932,54.5836684310533],[29.392835726987244,54.5942819150784],[29.377953278121367,54.59395028557725],[29.35791921220192,54.57272037854267],[29.33158872733793,54.57272037854267],[29.31556147478227,54.569402205747224],[29.296351668095042,54.5562463131169],[29.275470448902126,54.55242220961736],[29.25642091399402,54.56538021902196],[29.245797135429484,54.567716470638686],[29.221252544069728,54.56750409034157],[29.21575748581938,54.569627850145196],[29.227375812943478,54.58140856245524],[29.228270190516923,54.59488298775972],[29.239002725895148,54.6088709421403],[29.23721396984888,54.61612206338259],[29.220220789657787,54.61663995147262],[29.213960143945542,54.623371894097716],[29.202333231893192,54.6264785679316],[29.175323017843027,54.61782071095712],[29.14956493437427,54.61351180902284],[29.11350361679854,54.62478028278389],[29.080304308896814,54.60920245023294],[29.05912544018696,54.608539431349755],[29.03680176688806,54.59991920470759],[29.020202112937227,54.575042938880586],[29.00245765529661,54.571724954942795],[28.9870028050355,54.580682890503056],[28.97440996354902,54.583336715217285],[28.926328207680683,54.59726646007914],[28.89541850625909,54.598592853977095],[28.882825665671987,54.59395028557725],[28.884542870756945,54.588975519304825],[28.90343213298661,54.57437936331701],[28.90171492700233,54.5674111732871],[28.872522432464336,54.56210127645278],[28.85878478728813,54.55645875276929],[28.82844748906041,54.55546293256833],[28.81642704896916,54.5571226197132],[28.80211700239778,54.572056766106925],[28.776931320324252,54.577365366118784],[28.757469657598676,54.56542004280078],[28.72942196585109,54.563096933876466],[28.699084667623367,54.56276505076653],[28.680195405393704,54.57371577786091],[28.676188592029973,54.5796876611567],[28.68134020998275,54.58831217037044],[28.693933050569854,54.59991920470759],[28.68134020998275,54.61550058958062],[28.65500972332012,54.6390271178073],[28.653292518235162,54.65061969554256],[28.637837667974054,54.658235875885],[28.60234875269282,54.658235875885],[28.569721846186326,54.64962617580744],[28.484433968153155,54.65128202914241],[28.46497230452826,54.64267085597527],[28.460393089769354,54.6015770824165],[28.45066225795688,54.580682890503056],[28.430055791541577,54.55645875276929],[28.41288373529619,54.54251505312726],[28.399718492414536,54.54550339056908],[28.375677614030735,54.54649945358699],[28.364801978528533,54.5551309865059],[28.36422957623398,54.5674111732871],[28.359077960079844,54.583336715217285],[28.353926343026387,54.58698544192464],[28.33560948309122,54.58798049230592],[28.32416144619384,54.60124551227062],[28.29153453968729,54.60091393942679],[28.278941699100187,54.612517381871726],[28.278369296805636,54.6337265523386],[28.270355670977494,54.63869585253161],[28.24917680136832,54.640020896547185],[28.23486675479694,54.65128202914241],[28.222273914209836,54.65525580141417],[28.199950241810257,54.65691142452266],[28.1518684850426,54.64598306086964],[28.138130839866392,54.62842529708985],[28.127827606658798,54.62511166047483],[28.108938345328397,54.62511166047483],[28.090049083998053,54.61649494388661],[28.07115982266771,54.61384327934394],[28.048263747074316,54.60456109142126],[28.033381299107702,54.590633842178136],[28.021933262210325,54.5836684310533],[28.007050813344392,54.584995268317016],[27.997319981531973,54.6002507856453],[27.969844692078937,54.604892634587486],[27.93664538417721,54.59925603473829],[27.907452888739897,54.6015770824165],[27.89314284216846,54.62610578005774],[27.87310877714839,54.62212915783442],[27.856509123197554,54.60986545832429],[27.83075103972874,54.609533955627626],[27.813578983483353,54.602240214614255],[27.789538105099496,54.602240214614255],[27.77809006820212,54.605224175055696],[27.769504040079426,54.61417474696708],[27.763780021630737,54.63107601104912],[27.756911198593002,54.643002088875335],[27.723711890691277,54.657573655599776],[27.71569826486308,54.66386430809138],[27.711119049204797,54.68173768714462],[27.711119049204797,54.70754090398958],[27.715125862568527,54.71646896407151],[27.708829442724664,54.73597158821826],[27.700815815997146,54.74026751563338],[27.67162332055983,54.74423258156844],[27.659030479972728,54.753813223001885],[27.63327239650397,54.757116367226615],[27.57660461161356,54.75942840819454],[27.565728976111416,54.76273109376501],[27.56229456504218,54.77131681521888],[27.565728976111416,54.79706305371701],[27.554853340609213,54.805311584262256],[27.543977705107068,54.805971394364406],[27.523371237792446,54.80135249971812],[27.514785210569073,54.793763169534714],[27.504481976462102,54.80201237367214],[27.511958975926063,54.80986817567583],[27.51106459745324,54.823782185999164],[27.502120819020604,54.82996465094794],[27.486022016403012,54.83563108041011],[27.475289481924108,54.842841748348064],[27.45203565512145,54.85211071443797],[27.41268302749978,54.847476498042],[27.392112336115474,54.85005112845687],[27.376013533497826,54.857774034943816],[27.367964131739313,54.87218617075524],[27.357231597260466,54.88402085677717],[27.344710306735294,54.88967969686058],[27.322350858405457,54.891222878633016],[27.319596174723756,54.908111709587786],[27.329327006536175,54.92127226880024],[27.32188578210321,54.929495433067814],[27.297844903719408,54.93903219837733],[27.26979721197182,54.958756256296226],[27.277238436404787,54.97584261254656],[27.268652408282094,54.984711508029704],[27.2314462879159,54.97978458569014],[27.207977810927275,54.99292170137545],[27.17878531548996,54.99292170137545],[27.16504767121313,54.984711508029704],[27.14844801726224,54.983726172125216],[27.129558755032576,54.988981017859714],[27.098649055409624,54.988652610629515],[27.080904597769006,54.991608183071264],[27.071173765057267,54.98602525206377],[27.07002896226686,54.97321441581272],[27.060298130454385,54.970914602027335],[27.035684849776032,54.97321441581272],[27.005919952943543,54.96467158662449],[26.961845009539616,54.962699906675425],[26.953831382812098,54.96960036336611],[26.957838196175885,54.98306926773256],[26.949824570347687,54.988652610629515],[26.920059673515198,55.00277171674139],[26.89201198176761,55.009008809209206],[26.856523066486375,54.9935784438901],[26.827902973343612,54.99981696538072],[26.815882534151683,54.99784701123065],[26.81759973923664,54.981098490702834],[26.815882534151683,54.958756256296226],[26.803862094959754,54.96237128360792],[26.77466959952244,54.96237128360792],[26.76436636631479,54.96500019080622],[26.750056319743408,54.9610567661569],[26.733456665792517,54.94922417015937],[26.699112553301745,54.95974220553842],[26.693388535752376,54.9636857587908],[26.655037609897818,54.97222879752104],[26.636148348567474,54.97222879752104],[26.612107470183673,54.96960036336611],[26.602376638371197,54.96302852704497],[26.614969479857677,54.95481221920858],[26.601804236976022,54.94067623911718],[26.574328947522986,54.93278422860931],[26.567460125384514,54.93738808928896],[26.51880596632236,54.94922417015937],[26.495337490233055,54.94495043171713],[26.477020630297886,54.94692298310923],[26.458131368967543,54.954154841772606],[26.440959312722157,54.95546958585277],[26.414628826958847,54.96237128360792],[26.386008733816084,54.97452853576334],[26.364257462811736,54.98011306576541],[26.35109221993008,54.97124315494767],[26.356243836983538,54.960728129599545],[26.347814325071113,54.95640040845217],[26.315672618996246,54.95640040845217],[26.305890360351896,54.953190584178174],[26.28772330948317,54.94115145797343],[26.27791631048939,54.939743101662884],[26.278397183383333,54.93311309269512],[26.28772330948317,54.92107823377353],[26.305890360351896,54.914652685672934],[26.32545487764054,54.91063619740265],[26.339429531947417,54.91063619740265],[26.35899404923606,54.90099499022665],[26.364583911318505,54.882509555971296],[26.35619911819481,54.87768587310461],[26.35899404923606,54.85275431336095],[26.35200672163296,54.838270848720754],[26.345019394029862,54.83263698640786],[26.34921179059171,54.82297710660822],[26.368776307880353,54.81170432689322],[26.388340825168996,54.817341110204154],[26.405110410517068,54.81653590310947],[26.427469858846962,54.8253922935196],[26.440047047633186,54.823782185999164],[26.451226771798133,54.8157306807264],[26.449829306277536,54.80445587753678],[26.467289799384787,54.796073116880905],[26.487323863505537,54.783531818238885],[26.527391994445054,54.75546482883885],[26.536192673653034,54.74797012801906],[26.55139709779786,54.74435648386469],[26.56302401074953,54.74590522794398],[26.5746509237012,54.74177511213179],[26.576439679747466,54.73506277652598],[26.55676336503734,54.719051948288836],[26.550502720224415,54.71130250280834],[26.552291476270682,54.70251800690056],[26.5701790331359,54.687528298592156],[26.58627783575355,54.66477471697965],[26.59164410389235,54.649771065582286],[26.601482260797752,54.63942049206213],[26.61042604012971,54.63838528964948],[26.639940511745294,54.642525940120095],[26.650673046224142,54.64045566839445],[26.665877470369026,54.630620431587715],[26.68287065145944,54.63010272246271],[26.691814429892077,54.63579716850455],[26.70433572041719,54.629585005243825],[26.68555378417983,54.619747140618074],[26.68287065145944,54.59954617221814],[26.686448162652653,54.591255695494],[26.696286319558055,54.58710982445888],[26.70433572041719,54.574151256575306],[26.68287065145944,54.57726168867606],[26.67124373760845,54.574151256575306],[26.67124373760845,54.56429998935306],[26.680187516940407,54.55444634072609],[26.681081895413172,54.547184233365726],[26.669454981562183,54.54459031069433],[26.6453067780854,54.55444634072609],[26.634574243606494,54.55652099125081],[26.625630464274536,54.55289028335994],[26.631891109986782,54.53473189925779],[26.627419220320803,54.52746628274281],[26.638151755699027,54.51916113807613],[26.64351802203913,54.509296583370656],[26.653356179843854,54.5108543035833],[26.664983092795524,54.50202644056782],[26.66229995917581,54.49267721268325],[26.67124373760845,54.47709041389152],[26.668560604888057,54.467215700444285],[26.651567423797644,54.45525891256881],[26.64083488841942,54.45057921745695],[26.64083488841942,54.444858864644914],[26.657828068610513,54.43705709570844],[26.656933691037068,54.43029436029656],[26.6453067780854,54.41780637796205],[26.621158574608558,54.404273435570644],[26.58717221422637,54.39698461564757],[26.569284655562456,54.39125677777815],[26.546030830558436,54.37042153462619],[26.533509539134002,54.35374572518515],[26.530826405514233,54.34540528122881],[26.520093871035385,54.33602025942747],[26.501311934798025,54.32506835781851],[26.501311934798025,54.30993950910113],[26.492368155466067,54.29741487489662],[26.468219951089907,54.28854095310254],[26.444071748512442,54.286452694036655],[26.425289811375762,54.25877326027779],[26.384148427707828,54.22636994861432],[26.357317090611275,54.21329689613492],[26.32064759660932,54.2080665164566],[26.29739377070598,54.20963570032734],[26.27682307842241,54.21486588125549],[26.268773676663898,54.22009540028256],[26.24373109561361,54.2300296614398],[26.231209805088497,54.2300296614398],[26.202589711945677,54.22532425650928],[26.18738528780085,54.22636994861432],[26.177547129996128,54.22270991113356],[26.162342704951925,54.20963570032734],[26.133722611809162,54.197603770497665],[26.11404629889762,54.18713837423661],[26.089898094521516,54.18033444537838],[26.07648242552358,54.18138127692447],[26.06753864709094,54.197603770497665],[26.05233422204674,54.19551090240628],[26.04875670995426,54.179287587752015],[26.03444666338288,54.16567602752673],[26.023714128903976,54.16043961879342],[26.013875971998573,54.14891718907705],[26.021030995284264,54.13215156344393],[26.04607357633455,54.12166959987218],[26.068433024664387,54.118000285884534],[26.089898094521516,54.118000285884534],[26.105996897139164,54.1253385892046],[26.096158740233705,54.14158306310793],[26.108680030758876,54.14472641848948],[26.12567321094997,54.141059146862176],[26.135511367855372,54.146821856843246],[26.14445514718733,54.138963417128025],[26.133722611809162,54.129007252083056],[26.129250723042503,54.10699039688939],[26.14445514718733,54.0938795719847],[26.14892703685331,54.08391257370636],[26.150715792899575,54.06659577967156],[26.164131460998192,54.033516383774156],[26.18023026361584,54.017755033767855],[26.189174042947798,54.01460204754653],[26.209744735231425,54.01460204754653],[26.22494915937625,54.017229552701735],[26.262513031850972,54.02878860640914],[26.280400589615567,54.036667937375455],[26.317070084516843,54.04664628060141],[26.327802618995747,54.040869636524576],[26.331380131088224,54.0319405179406],[26.334957643180758,53.98936954856589],[26.327802618995747,53.97937745920245],[26.329591375041957,53.973065429825795],[26.34479580008616,53.97253938398546],[26.377887782894902,53.98516264504008],[26.400247230325476,53.990947027783136],[26.403824742417953,53.9846367520845],[26.432444835560773,53.95833364348289],[26.437811101900877,53.94570225435558],[26.437811101900877,53.93359358177844],[26.42976170194106,53.92885444957324],[26.37073275960921,53.917794379307225],[26.365366491470468,53.91305345205524],[26.376099026848635,53.900408349166014],[26.379139911677612,53.88953049863363],[26.36654707109051,53.886156946485926],[26.337926977947745,53.8841326849755],[26.305300071441195,53.86185933234236],[26.27553517370933,53.867935060354796],[26.267879299090453,53.85875784040206],[26.250886118899302,53.85875784040206],[26.24820298527959,53.85031724164742],[26.250886118899302,53.82762469522356],[26.231209805088497,53.82445731625222],[26.230315427514995,53.80122254878165],[26.24373109561361,53.79858141889741],[26.266090543044186,53.79963789117579],[26.275928700848908,53.790128687389085],[26.268773676663898,53.785373276555504],[26.266090543044186,53.77533230634094],[26.27235118875643,53.770046620155426],[26.266090543044186,53.75894451197968],[26.275928700848908,53.73778951937089],[26.293816258613504,53.72032862966256],[26.30007690432575,53.718211665136266],[26.303654416418226,53.703389932199684],[26.31349257242431,53.69703616258886],[26.346584556132427,53.69227020540569],[26.362683358750076,53.69174062073313],[26.37073275960921,53.686444414278355],[26.369838381136447,53.674260608740155],[26.36357773632352,53.668962203443016],[26.367155247516735,53.661543315471704],[26.378782160468404,53.6567733410169],[26.39935285275203,53.655713273249035],[26.407402254510487,53.64405076962737],[26.423501055329496,53.62920291768057],[26.45301552694508,53.606921338948666],[26.49590989252755,53.57088519699431],[26.51250954557912,53.56000673672156],[26.542274443310987,53.55626662000856],[26.545708854380166,53.55082586012537],[26.546281256674717,53.5321179120121],[26.52224037739154,53.516464914124526],[26.513654350168167,53.505232025637554],[26.51651635894285,53.50046565836351],[26.542274443310987,53.495017725487685],[26.55257767651858,53.4878662509268],[26.557156891277543,53.47492242293151],[26.555439685293265,53.46367852584336],[26.55028806913913,53.45788505185374],[26.55028806913913,53.44322744429115],[26.55486728389809,53.42856477714281],[26.576998665056408,53.40352478793869],[26.576998665056408,53.39435932032643],[26.558831613288362,53.386858832369285],[26.523894977071564,53.38102420540281],[26.45961156402251,53.38352485758617],[26.437252116591935,53.379357022408726],[26.41070027259957,53.377689773764075],[26.375763634584132,53.362681601474776],[26.36867795172617,53.36115925609482],[26.381040285281017,53.33974429376423],[26.37371354184654,53.32639976653604],[26.383238308401246,53.31896002148784],[26.40082249426274,53.31567736921528],[26.40082249426274,53.30670349586967],[26.391664063845496,53.29750879219705],[26.394880962186733,53.27609812412919],[26.39398658461323,53.265935681586484],[26.383254050134383,53.25898103894383],[26.351056444899086,53.258446020567476],[26.34032391042018,53.256305876015404],[26.33764077590115,53.23918086780287],[26.317070084516843,53.23543385778635],[26.309915061231152,53.231151160297884],[26.312598194850864,53.220978034708594],[26.300971281899194,53.21187371649887],[26.279506212042122,53.20705299959633],[26.277717455995855,53.19473092689083],[26.284872479281546,53.18830061238339],[26.3260138638488,53.18347724338014],[26.335852019854883,53.175973148242235],[26.345690177659606,53.15827972712776],[26.36804962509018,53.13896949224835],[26.393092207939105,53.12394441720113],[26.41813478898939,53.11696670335073],[26.43691672522675,53.11535630085268],[26.47179746318244,53.118577045594236],[26.481635620087843,53.111061599213485],[26.47626935284842,53.09817492133561],[26.48252999766129,53.08850737841283],[26.495945666659225,53.08689591021812],[26.51651635894285,53.08850737841283],[26.522777004655097,53.08367279306498],[26.529932027940788,53.06271664505715],[26.529037649468023,53.04497655272576],[26.52098824860883,53.04175029693869],[26.505783824464004,53.04282574221429],[26.484318753707555,53.051428340345694],[26.463748062323248,53.04820256749457],[26.46911432956273,53.02077374781027],[26.465536818369515,53.008936320654755],[26.449438015751866,53.004092801441686],[26.427972945894794,53.006245544596254],[26.419029166562837,52.99332747858034],[26.393092207939105,52.987405406934045],[26.39130345189284,52.97932854617551],[26.419029166562837,52.95023934237179],[26.437811101900877,52.94269450165001],[26.4476492597056,52.920591325929024],[26.45927617265727,52.917355768454],[26.465536818369515,52.90818704079936],[26.461959306277038,52.90117435231457],[26.43602234765325,52.89470009243536],[26.42976170194106,52.88660590893562],[26.42976170194106,52.8785102136755],[26.41008538723088,52.86771360160151],[26.39845847427921,52.85259382974152],[26.402930363945188,52.84071031233111],[26.42439543380226,52.830444658194494],[26.4387054803737,52.826661963079175],[26.44138861399341,52.81314964933688],[26.453909904518525,52.806662245865994],[26.477163731321184,52.82017657678762],[26.501311934798025,52.837468789652974],[26.505783824464004,52.845031967551336],[26.520093871035385,52.8515136441394],[26.529932027940788,52.85043343155769],[26.541558939993138,52.83908958111931],[26.554080231417572,52.83962983175138],[26.5746509237012,52.85583422466976],[26.589855347846083,52.88390751202212],[26.59790474870522,52.88984376417841],[26.608637284083443,52.890922995599794],[26.6175810634154,52.8785102136755],[26.644412400511953,52.87095286698127],[26.66408871522208,52.87095286698127],[26.674821249700983,52.86447409430406],[26.68287065145944,52.84989331582392],[26.7302726799403,52.84719263463245],[26.753526505843638,52.84719263463245],[26.76336466274904,52.832606050129186],[26.76336466274904,52.826121550569155],[26.776780331746977,52.81423078822036],[26.783040977459166,52.805040243912174],[26.784829733505433,52.79368453591263],[26.790195999845594,52.78935777164389],[26.8241823611271,52.77042311793258],[26.84296429646514,52.766635199554855],[26.882316925885448,52.77475176538172],[26.893049460364352,52.772046411312886],[26.90199323879699,52.759058372645825],[26.927035821645916,52.75364554570541],[26.935979600078554,52.75526946411452],[26.952078402696202,52.752021567041766],[26.959233425082573,52.7466078659603],[26.971754717406327,52.7439007627101],[26.983381629458677,52.759058372645825],[26.992325408790634,52.76609404150685],[27.020051123460632,52.7752928164104],[27.037938682124548,52.77421070805781],[27.038833060597312,52.7606820896068],[27.051354351122484,52.75310422577945],[27.053143107168694,52.739569049472095],[27.04777683902995,52.73307067067498],[27.046882460557185,52.71898752665311],[27.056720618361908,52.712486080268434],[27.077291309746215,52.70869312208998],[27.081763200311514,52.70110621737808],[27.079974444265247,52.69189177358652],[27.065664397693865,52.67779533218891],[27.037938682124548,52.67183008319182],[27.030783659738177,52.668575968206426],[27.028100525219088,52.65772716667544],[27.034361170032014,52.650674001504],[27.057614996834673,52.651216593071354],[27.07103066493329,52.64144891423604],[27.069241908887022,52.63493591695908],[27.075502554599268,52.62407876612224],[27.087129467550938,52.61267585810441],[27.08265757788496,52.606158577356496],[27.055826240788406,52.60289957275711],[27.053143107168694,52.596924102065714],[27.06208688560133,52.58551412177934],[27.060298130454385,52.57518824544121],[27.079974444265247,52.56214155658762],[27.087129467550938,52.545283838578314],[27.070136287359844,52.538756532188245],[27.05940375288094,52.53766855306134],[27.062981263174834,52.53005194644021],[27.079080065792425,52.51971300924805],[27.083551955458404,52.49630537589246],[27.088918223597204,52.491949091377535],[27.10859453740801,52.48759237608732],[27.146158409882787,52.48759237608732],[27.1488415435025,52.48105649376225],[27.15063029864939,52.45326815749951],[27.157785322834457,52.44999778816742],[27.180144770264974,52.44999778816742],[27.17925039179221,52.43473285403803],[27.184616659930953,52.41837169579719],[27.19803232892889,52.41564424628501],[27.22396928755262,52.41946262919703],[27.241856846216535,52.41728073721629],[27.265110672119874,52.399276004084356],[27.29535417735343,52.391327857894396]],[[26.703409819807405,54.8566537368805],[26.68945402878046,54.86545114165693],[26.688789466660637,54.87692313289631],[26.694105959122794,54.89297843620591],[26.701416135246518,54.89832878274717],[26.71736561083435,54.90062157102875],[26.74594175500806,54.89794663922606],[26.790467374769605,54.87615843486395],[26.841638610333632,54.87768781653955],[26.855594401360577,54.87233472796538],[26.86356913870486,54.865068685171764],[26.868885631167018,54.84823703221332],[26.84695510189647,54.83369495066148],[26.824360011405474,54.8248906193067],[26.831005626308638,54.809191178630044],[26.81638527316187,54.80153070038159],[26.787809128988158,54.79923227425013],[26.773853337961214,54.805361120719226],[26.76986596883944,54.813786768244825],[26.75989754693427,54.82029629234006],[26.731985963981117,54.829101626438955],[26.719359295395236,54.839435871868034],[26.722682103296506,54.852445603981494],[26.703409819807405,54.8566537368805]],[[27.239544802550654,54.512634520566735],[27.255328138283005,54.518903183735006],[27.284402702922478,54.53481162415716],[27.305170249607386,54.532401653313684],[27.304339547632082,54.51842101311934],[27.29437112572691,54.50829411268319],[27.271111473116036,54.49864711207459],[27.258650945284955,54.49092787122436],[27.21047023701186,54.47548501612067],[27.187210585300306,54.473554249029405],[27.178072864471176,54.46438186113403],[27.18222637344843,54.45327569341856],[27.193856200203527,54.44216651207495],[27.20797813198527,54.42332231487296],[27.20797813198527,54.41752235677143],[27.19468690217883,54.412688431525964],[27.179734268421782,54.41752235677143],[27.16893514364199,54.42525545257712],[27.155643913835604,54.42670524515097],[27.144014087979826,54.43781862093266],[27.134876368050016,54.452792748486615],[27.117431628367,54.46148489031549],[27.068420219017924,54.45713905052679],[27.035192144501934,54.456656150560946],[27.012763193866363,54.45810483247209],[26.99365705113206,54.46534747310744],[26.977043013424407,54.466313060799166],[26.984519330302874,54.5039532443468],[26.997810560109315,54.50829411268319],[27.019408808769583,54.50829411268319],[27.04266846048114,54.50347089656469],[27.07091232404457,54.49527012361739],[27.105801802511223,54.4996119146582],[27.16976584561735,54.496235005341305],[27.179734268421782,54.49864711207459],[27.193856200203527,54.50925868773828],[27.221269361791656,54.50925868773828],[27.239544802550654,54.512634520566735]],[[27.574405136987536,53.82319480029986],[27.57054605895498,53.82332625299019],[27.554846002141346,53.82386104774923],[27.52985849017722,53.82448867561192],[27.47509862330287,53.833588224716834],[27.458617498199033,53.839235226124856],[27.449281018134975,53.84451424620596],[27.445857917009334,53.84644973146999],[27.443199671227887,53.85429017575109],[27.495301292320846,53.871533981707955],[27.495832941836852,53.881250087121884],[27.47509862330287,53.89472352676938],[27.47882016721701,53.911324350738255],[27.496896239969544,53.913203273712156],[27.500617783883683,53.921970463066486],[27.474035325170178,53.93104882504332],[27.46393398976187,53.93887341517603],[27.4703137794574,53.94481912190503],[27.493174695156085,53.940751098884164],[27.53198508644266,53.93136183677939],[27.551656106843893,53.93386584703126],[27.584618357051568,53.94419329808227],[27.615985658711224,53.958272066902396],[27.62980853803367,53.95889768028377],[27.634028930146037,53.958546855648585],[27.640953658084925,53.95797123018815],[27.64093233695786,53.957926953865865],[27.66071064737855,53.95379475162656],[27.664587345169142,53.94995201983224],[27.676493983110902,53.938149702846545],[27.698092230871794,53.942061514527325],[27.72135188258335,53.95330593232296],[27.732151008262463,53.95623876091014],[27.74378083411824,53.94303941034059],[27.74018853572368,53.94081347776641],[27.73440849131107,53.937231929764245],[27.72799749838589,53.93325942068577],[27.724629684366757,53.931276569331324],[27.71885977755676,53.927879449577006],[27.7196613318465,53.9265421030574],[27.723843989408635,53.91956358319288],[27.703076442723727,53.9083100687547],[27.703076442723727,53.899990304708865],[27.713875566604145,53.89215842467161],[27.7180290755814,53.87746969337172],[27.713726199070834,53.87324164545891],[27.710552758702875,53.87012339238072],[27.70639924972562,53.86473528420606],[27.708891354752268,53.85542691701863],[27.727166796410586,53.83925483314408],[27.727238219146965,53.83915247524104],[27.729127005712343,53.83644560286515],[27.732981709338446,53.830921320262746],[27.732981709338446,53.82454751555548],[27.727166796410586,53.814739767426374],[27.712992945867825,53.80955912475383],[27.70074920697572,53.810523050521],[27.693523370906917,53.81109192655123],[27.679245681942746,53.824884615632584],[27.667563937325895,53.82794904201472],[27.66538623336335,53.827763745983624],[27.639112398718282,53.825528163294166],[27.62000625598398,53.82307649988064],[27.592466183886543,53.82233756507195],[27.583455373566665,53.822095793686],[27.574405136987536,53.82319480029986]]]},"properties":{"slug":"minsk-region","name":"Минская область","level":"region"}},{"type":"Feature","geometry":{"type":"Polygon","coordinates":[[[27.6819822,53.9535259],[27.6808903,53.9531289],[27.6809418,53.9526632],[27.6803756,53.952494],[27.6797427,53.9531906],[27.6789333,53.9529465],[27.6795621,53.9522319],[27.6749959,53.9507852],[27.6746072,53.9508125],[27.6725242,53.9501512],[27.6718322,53.9508754],[27.6724171,53.9515921],[27.6702343,53.9525265],[27.6641829,53.9508307],[27.6640714,53.950274],[27.66478,53.9500164],[27.6625587,53.9492783],[27.6632614,53.9485594],[27.6622282,53.9482363],[27.662732,53.9476138],[27.6645375,53.9469699],[27.6642877,53.946682],[27.6614741,53.9477694],[27.6583308,53.9488093],[27.6399171,53.9554119],[27.6330096,53.9578412],[27.6350133,53.9592054],[27.6333416,53.9600335],[27.6311995,53.9585835],[27.6303714,53.959009],[27.6301666,53.959494],[27.6312637,53.9604568],[27.6324568,53.9610692],[27.6321289,53.9616602],[27.6374156,53.9623043],[27.6399034,53.9631049],[27.6412079,53.9637934],[27.6417353,53.9646509],[27.6418268,53.9665386],[27.6413096,53.9668288],[27.632815,53.967561],[27.6322461,53.9674466],[27.6330205,53.9667521],[27.6331151,53.9663024],[27.6311475,53.9655063],[27.6332743,53.9635172],[27.635411,53.9643092],[27.6357333,53.9640065],[27.6312858,53.9626738],[27.6320887,53.9618581],[27.6284234,53.9615287],[27.6280416,53.9612972],[27.6261757,53.9610257],[27.6255839,53.9615289],[27.625113,53.9615381],[27.6241666,53.9610961],[27.6192145,53.9628364],[27.6146784,53.9643723],[27.6144037,53.9645805],[27.6117789,53.9654512],[27.6017381,53.9690059],[27.5984241,53.9699764],[27.5987068,53.9709006],[27.5977016,53.9710762],[27.5973247,53.970152],[27.5954242,53.9705494],[27.5955135,53.9715281],[27.5951759,53.9715527],[27.5948874,53.9706673],[27.5928327,53.9710485],[27.5895279,53.9713959],[27.587184,53.971716],[27.583042,53.9717897],[27.5791084,53.9716633],[27.5756798,53.971401],[27.5725331,53.971333],[27.568818,53.9710705],[27.5635364,53.9708235],[27.5631271,53.9709021],[27.5594797,53.9706666],[27.5593014,53.9708121],[27.550684,53.9704501],[27.5486489,53.9702388],[27.5478722,53.9702994],[27.5450862,53.9701757],[27.5417969,53.9699086],[27.5385435,53.9698253],[27.5383748,53.9704842],[27.5377349,53.9703508],[27.534528,53.9702415],[27.5316497,53.9699327],[27.5306032,53.9696883],[27.5302365,53.9694065],[27.5264337,53.9692321],[27.5263427,53.9693922],[27.5206622,53.969142],[27.5195695,53.9689976],[27.5188069,53.9690742],[27.514206,53.9688128],[27.5129958,53.9688449],[27.5108841,53.9692444],[27.5091555,53.9693234],[27.507347,53.9692173],[27.5033728,53.9684632],[27.495092,53.9680883],[27.491687,53.9680221],[27.4861289,53.9677294],[27.484357,53.9675514],[27.4799827,53.9673726],[27.4779655,53.9672388],[27.4742087,53.9666895],[27.4702634,53.9659749],[27.4697618,53.9661052],[27.4691771,53.9657089],[27.4648259,53.9642234],[27.4632376,53.9636213],[27.4613613,53.9626945],[27.4583591,53.9609423],[27.4554036,53.9588295],[27.4551077,53.9583202],[27.4544976,53.9580306],[27.4494443,53.9542368],[27.4460868,53.9515812],[27.4445066,53.9513587],[27.4405734,53.9513421],[27.4408174,53.9509446],[27.4418335,53.9502692],[27.4421515,53.9488868],[27.4419291,53.9484997],[27.4388353,53.9461906],[27.4355839,53.945265],[27.4346566,53.9451432],[27.4325531,53.9455658],[27.4332372,53.9446244],[27.4351928,53.9434015],[27.4310148,53.9402384],[27.4310068,53.9400725],[27.4271162,53.9369486],[27.4235376,53.9337618],[27.423562,53.9335652],[27.422489,53.9324948],[27.4192141,53.9289166],[27.4193112,53.9287004],[27.418301,53.9276691],[27.417168,53.9260172],[27.4172586,53.925878],[27.4145751,53.9219759],[27.4135404,53.9202416],[27.4126162,53.9189995],[27.412911,53.9188834],[27.4116225,53.9161168],[27.4113659,53.9161385],[27.4099823,53.9131456],[27.4090388,53.9127258],[27.4046655,53.9118295],[27.4024441,53.911595],[27.4045202,53.9111718],[27.4055391,53.9108396],[27.4080496,53.9097723],[27.4083148,53.90904],[27.4074277,53.9071912],[27.4072249,53.9071647],[27.4067789,53.9056468],[27.406549,53.9039416],[27.4066978,53.9038625],[27.4070232,53.9004235],[27.4083976,53.89741],[27.4085447,53.8973667],[27.4098872,53.8946052],[27.4101206,53.8943644],[27.4114052,53.8916075],[27.410303,53.8911837],[27.4052454,53.8904823],[27.4020323,53.8903242],[27.4026535,53.8908947],[27.4016102,53.8920485],[27.4023937,53.8931404],[27.4027413,53.8940393],[27.4026528,53.8949019],[27.4016604,53.8959792],[27.4014305,53.8966517],[27.4003311,53.8973187],[27.400251,53.8981634],[27.401075,53.8983548],[27.4008276,53.8989781],[27.4012924,53.8998756],[27.4013187,53.901674],[27.401567,53.9020428],[27.4012077,53.9024125],[27.3995984,53.9024109],[27.3972352,53.9018237],[27.3987741,53.9016166],[27.3995171,53.901092],[27.3991248,53.8984439],[27.3999114,53.8982303],[27.399725,53.8974996],[27.3999578,53.8971001],[27.3997557,53.895931],[27.4014531,53.894824],[27.4015275,53.8940671],[27.4013359,53.8933161],[27.4007512,53.8924657],[27.4006868,53.8917576],[27.4012286,53.8910273],[27.4007995,53.89018],[27.3995218,53.8902134],[27.3990905,53.8889943],[27.399475,53.8886831],[27.402108,53.8874371],[27.4022334,53.886512],[27.4031002,53.8865141],[27.4031046,53.8858097],[27.4109196,53.8858222],[27.4124704,53.8867263],[27.4102764,53.8909684],[27.4115706,53.891272],[27.412595,53.8894205],[27.4130639,53.8880668],[27.4140194,53.8864444],[27.4142258,53.8857431],[27.4154884,53.8832961],[27.4160615,53.8818916],[27.4167351,53.8810126],[27.4171494,53.8796825],[27.4155412,53.8794656],[27.4127115,53.8789153],[27.4114557,53.8803701],[27.4114494,53.882054],[27.4085299,53.8820501],[27.4085359,53.8804904],[27.4046333,53.8805367],[27.4044882,53.8816629],[27.3996806,53.8816187],[27.3997754,53.8808173],[27.3998128,53.8762468],[27.3987322,53.8762453],[27.3987384,53.874718],[27.3947856,53.8747123],[27.3947792,53.8762396],[27.3861105,53.8762332],[27.3861168,53.8741105],[27.3845638,53.8738235],[27.383161,53.8730827],[27.3790799,53.8718132],[27.3768728,53.871601],[27.3747217,53.8717961],[27.3774406,53.8697477],[27.3806587,53.8678431],[27.3801038,53.8678549],[27.3825632,53.8663232],[27.3873077,53.8639831],[27.3910827,53.8624234],[27.3946601,53.8605688],[27.399822,53.8605343],[27.3994851,53.8613019],[27.399736,53.8644436],[27.3986072,53.8643227],[27.3966479,53.8643299],[27.3966196,53.8677023],[27.399881,53.8677691],[27.399872,53.8679019],[27.4051725,53.8678853],[27.4105774,53.8679243],[27.4105717,53.86964],[27.4139431,53.8695666],[27.4222341,53.8696052],[27.4228736,53.8678097],[27.4252452,53.8633204],[27.4277978,53.8582433],[27.428955,53.8563241],[27.4306978,53.8542454],[27.4305211,53.8541767],[27.4325911,53.8524025],[27.4350018,53.8505716],[27.437165,53.8491123],[27.4386395,53.8484805],[27.4430674,53.8463229],[27.4452681,53.8455797],[27.4477536,53.8448483],[27.4504545,53.8442576],[27.4530015,53.843801],[27.4573737,53.8435397],[27.4602345,53.8432117],[27.4602615,53.8430282],[27.4619606,53.8428802],[27.463056,53.8429257],[27.4667221,53.8425825],[27.4666136,53.8409374],[27.4641063,53.8385259],[27.4654827,53.8383608],[27.4683103,53.8370197],[27.4676692,53.8363658],[27.4688227,53.8356434],[27.4727736,53.8376578],[27.4735669,53.8374872],[27.4733781,53.8357913],[27.4749756,53.8355605],[27.4755848,53.8368485],[27.4778274,53.8362417],[27.4785466,53.8374198],[27.480201,53.839686],[27.4803165,53.8405254],[27.481594,53.8404229],[27.481904,53.8408016],[27.48284,53.8405354],[27.4924101,53.839684],[27.4928399,53.8395029],[27.4991264,53.8389373],[27.5015387,53.8379826],[27.5031634,53.8378088],[27.5069496,53.8381197],[27.5147613,53.8372366],[27.514881,53.8372628],[27.5296113,53.8356012],[27.5330636,53.8332589],[27.5336526,53.8330086],[27.5342309,53.8335733],[27.5362243,53.8345629],[27.5390449,53.8345585],[27.5538414,53.8328217],[27.5562361,53.8326647],[27.5636871,53.8327149],[27.5645444,53.8326701],[27.5703256,53.8328938],[27.5743283,53.8326351],[27.5752866,53.8323953],[27.5782722,53.8268917],[27.5792571,53.8254884],[27.5799113,53.8243286],[27.5778843,53.8238248],[27.5732071,53.8241952],[27.5719594,53.8240667],[27.5702391,53.8241101],[27.5707767,53.822921],[27.5718565,53.8221878],[27.5726993,53.8212519],[27.5745665,53.8180614],[27.5724517,53.8177167],[27.5710354,53.8173324],[27.5707851,53.8168494],[27.5710885,53.8163721],[27.5745135,53.8169995],[27.5761693,53.8140244],[27.580791,53.8069866],[27.5817534,53.8067875],[27.5845398,53.8023416],[27.5854864,53.8010654],[27.5864032,53.8004778],[27.5868224,53.8012806],[27.586944,53.8023281],[27.587316,53.802919],[27.5908338,53.803701],[27.5931024,53.800016],[27.588003,53.7988209],[27.5885434,53.7981157],[27.5879939,53.7968795],[27.5898642,53.793847],[27.5962173,53.7951595],[27.5947273,53.79785],[27.5988471,53.7987499],[27.5987881,53.7996719],[27.594319,53.7987436],[27.5935418,53.7999084],[27.5995676,53.8012658],[27.5988336,53.8023372],[27.5972786,53.8048668],[27.5987104,53.805144],[27.5990601,53.8057626],[27.598182,53.8060903],[27.5966906,53.8064261],[27.5974631,53.8082285],[27.5957036,53.8097331],[27.5951779,53.810563],[27.5942981,53.8108417],[27.5934291,53.812248],[27.5949049,53.8135771],[27.5930908,53.8156227],[27.5916048,53.8166146],[27.5927009,53.823897],[27.5918564,53.8250913],[27.5886491,53.825963],[27.5830131,53.8252491],[27.5811056,53.8249044],[27.5805439,53.824265],[27.5799263,53.8251368],[27.5800188,53.8254553],[27.5777248,53.8289001],[27.5766019,53.8307638],[27.5760196,53.8323347],[27.5783105,53.8327677],[27.5796115,53.8328622],[27.5915801,53.8329448],[27.6004822,53.8330372],[27.600339,53.8327672],[27.6004388,53.8314128],[27.6007467,53.8308502],[27.6014124,53.8304155],[27.6028624,53.830105],[27.609488,53.8302212],[27.6088979,53.8304415],[27.6029794,53.8303766],[27.6021071,53.8305387],[27.6011308,53.8312878],[27.6009967,53.832744],[27.6016667,53.8330844],[27.6079232,53.833079],[27.60862,53.8331835],[27.6198585,53.8332458],[27.627609,53.8333731],[27.6343077,53.833325],[27.6387285,53.8334035],[27.6435823,53.8335931],[27.6459949,53.8338982],[27.6488306,53.8343605],[27.6518542,53.8351463],[27.6550345,53.8361078],[27.6584028,53.8374852],[27.6609878,53.8387517],[27.6642151,53.8412106],[27.6667961,53.8438018],[27.6678356,53.8444369],[27.6694454,53.8433606],[27.6709858,53.8420011],[27.674061,53.8382471],[27.6763772,53.8375705],[27.6773471,53.8361539],[27.6786234,53.8349668],[27.6790945,53.8340437],[27.6789687,53.8331321],[27.6776575,53.8320345],[27.6756971,53.8307117],[27.6742241,53.8302484],[27.6728371,53.8301449],[27.6718316,53.8298625],[27.6688664,53.8292388],[27.6643298,53.8273217],[27.6623845,53.8264052],[27.6612946,53.8260157],[27.6622247,53.8253069],[27.6604219,53.8242404],[27.6594334,53.8230388],[27.6588195,53.8219409],[27.6583566,53.820517],[27.657752,53.8190916],[27.6566508,53.8177457],[27.6563544,53.8170802],[27.6551308,53.8156556],[27.6566301,53.8154432],[27.6571632,53.8165322],[27.6585211,53.8184843],[27.6587014,53.8189904],[27.6593918,53.8196757],[27.6602861,53.8211299],[27.6606504,53.8220067],[27.6616974,53.8235925],[27.6630691,53.8247456],[27.6637793,53.8251511],[27.6659355,53.8255648],[27.6672584,53.8263871],[27.6691796,53.8252294],[27.6656665,53.8231642],[27.6666333,53.8224556],[27.6732495,53.8184199],[27.6761743,53.8202317],[27.6797698,53.8191601],[27.679862,53.8185886],[27.6765594,53.8156159],[27.6739912,53.8134041],[27.6716126,53.811009],[27.6702468,53.8088484],[27.6723409,53.8082797],[27.6728544,53.8083877],[27.6749882,53.8077478],[27.681896,53.8058539],[27.6880818,53.8048377],[27.6894154,53.8048461],[27.6909374,53.8051633],[27.6937173,53.8059376],[27.6949423,53.8064593],[27.706443,53.8145125],[27.7075435,53.8157714],[27.7084259,53.8155182],[27.7129791,53.8178178],[27.7103062,53.8197968],[27.7090168,53.8206392],[27.7081571,53.8209911],[27.7069504,53.8221147],[27.7068945,53.8237686],[27.7061421,53.8251009],[27.7001302,53.8293873],[27.6977221,53.8310548],[27.7025345,53.8298251],[27.7028937,53.8298679],[27.7054986,53.8293591],[27.7076341,53.8296443],[27.7081101,53.8294754],[27.7094217,53.8295593],[27.7103526,53.828411],[27.7127171,53.8282672],[27.7140023,53.8278751],[27.7137132,53.8285706],[27.7127652,53.829634],[27.7149871,53.8309246],[27.7146113,53.8323063],[27.7140374,53.8327109],[27.7141226,53.8340533],[27.7139633,53.8350161],[27.7167499,53.8360679],[27.7173297,53.8361204],[27.7175739,53.8374838],[27.7171692,53.8376717],[27.7173009,53.8385393],[27.7187241,53.8378359],[27.7210731,53.8380146],[27.7231108,53.8394142],[27.7276317,53.8371624],[27.73621,53.8330131],[27.7556647,53.8234884],[27.7571339,53.8233698],[27.7611827,53.8241381],[27.7613512,53.8239995],[27.769757,53.8254668],[27.7706515,53.8249592],[27.7716684,53.8252314],[27.7728719,53.8242216],[27.7737686,53.8245768],[27.7820163,53.8245728],[27.7821979,53.8280673],[27.7821714,53.8291696],[27.7824116,53.8326087],[27.7825305,53.8356414],[27.7813495,53.8373149],[27.7824924,53.8389863],[27.7839429,53.8395659],[27.7900868,53.8392609],[27.797059,53.8390383],[27.7954991,53.8404171],[27.7992867,53.8410153],[27.8055127,53.8431544],[27.808292,53.8433636],[27.8096215,53.8418827],[27.8159196,53.8446731],[27.8184363,53.8548431],[27.8114698,53.8548981],[27.8100663,53.8563478],[27.8040602,53.857348],[27.8038846,53.8575989],[27.8023778,53.8577379],[27.7978753,53.8590209],[27.798187,53.8592939],[27.7953646,53.8599958],[27.7960406,53.8609702],[27.7962447,53.8619826],[27.7957942,53.8637731],[27.7938838,53.8656841],[27.7853018,53.8677846],[27.7830162,53.8656843],[27.7712706,53.865716],[27.7666045,53.86528],[27.7606678,53.8646225],[27.7514843,53.8629621],[27.7542732,53.8671155],[27.7542958,53.8693996],[27.7661414,53.8731635],[27.7744556,53.8755785],[27.8037779,53.8737898],[27.8288841,53.8722616],[27.834522,53.8738368],[27.8380465,53.8743993],[27.845492,53.875163],[27.8457286,53.8750646],[27.8490114,53.8757587],[27.8490752,53.8992799],[27.8411286,53.8992821],[27.8407892,53.9017802],[27.8407658,53.9025231],[27.8342188,53.9016089],[27.831003,53.9022262],[27.82956,53.903445],[27.826163,53.9010639],[27.8226236,53.8993286],[27.8206175,53.9003611],[27.8178338,53.9004883],[27.8066551,53.9005471],[27.792806,53.9005588],[27.7881982,53.8998622],[27.7861872,53.8999021],[27.785929,53.8988065],[27.7755178,53.898855],[27.7755354,53.9015225],[27.7704112,53.9034938],[27.7463883,53.9127772],[27.7471429,53.9135097],[27.7460927,53.9138927],[27.7451378,53.9136716],[27.7487453,53.9172058],[27.752225,53.9192949],[27.7466382,53.9205727],[27.7427883,53.9213854],[27.74914,53.9298963],[27.7266159,53.9250839],[27.7188974,53.9267036],[27.7192095,53.927135],[27.7191281,53.9282294],[27.7178257,53.9295873],[27.7161977,53.93041],[27.7157861,53.9308527],[27.7181722,53.9311287],[27.7184682,53.9309306],[27.7200353,53.9308627],[27.721343,53.9309538],[27.724392,53.9313291],[27.7252354,53.9311427],[27.7300102,53.9323602],[27.7296685,53.9328374],[27.7328781,53.9333206],[27.7317692,53.935333],[27.7343415,53.9356058],[27.7352797,53.9354609],[27.732789,53.9405241],[27.7348028,53.9413141],[27.740326,53.9408007],[27.7421402,53.9405252],[27.743932,53.9413909],[27.7447023,53.9409788],[27.7451738,53.941036],[27.7428779,53.9478514],[27.7414496,53.9474968],[27.7397475,53.9519552],[27.7438485,53.9517575],[27.746351,53.9539088],[27.7463197,53.9554513],[27.7443493,53.9610878],[27.7435602,53.961429],[27.7413923,53.9617015],[27.7397805,53.9629899],[27.7386546,53.9636982],[27.7352518,53.9619725],[27.7344085,53.962598],[27.7245235,53.9582747],[27.721461,53.9595701],[27.7190346,53.9601246],[27.7061644,53.9612734],[27.6926371,53.9612214],[27.6921613,53.9584384],[27.6907246,53.9587119],[27.6881222,53.9583858],[27.6862366,53.9591057],[27.6851743,53.9580355],[27.6860439,53.9576132],[27.6852789,53.9571666],[27.6859596,53.9566207],[27.6864897,53.9565108],[27.6879401,53.9576986],[27.6897691,53.9574648],[27.6905179,53.9553322],[27.6819822,53.9535259]],[[27.4695075,53.8379014],[27.4686753,53.8378416],[27.4660617,53.8382849],[27.4660126,53.8389148],[27.4663586,53.839262],[27.4696827,53.8402051],[27.4697655,53.8403809],[27.4723609,53.841012],[27.4725554,53.8409468],[27.4746536,53.8414807],[27.477459,53.8411785],[27.4762863,53.8405741],[27.4740211,53.8391204],[27.4718471,53.83935],[27.4707381,53.8391458],[27.469773,53.8385153],[27.4695075,53.8379014]],[[27.4187101,53.8763481],[27.4202876,53.8736599],[27.4210231,53.8720503],[27.4198298,53.8721567],[27.4109381,53.8721138],[27.41093,53.8725866],[27.4088045,53.8725702],[27.4087766,53.8739958],[27.4139426,53.8739698],[27.4139054,53.8763166],[27.4126069,53.876332],[27.4125978,53.8768614],[27.415425,53.8771466],[27.4165515,53.8767714],[27.4185059,53.8768752],[27.4187101,53.8763481]],[[27.6977402,53.8155565],[27.7010705,53.8170978],[27.7028737,53.8158175],[27.7037121,53.8162168],[27.704571,53.8156461],[27.7056236,53.816128],[27.7062743,53.815675],[27.7045056,53.8148851],[27.7052164,53.8143657],[27.7043346,53.8136681],[27.6990714,53.8100019],[27.6954987,53.8073855],[27.6932886,53.8063338],[27.6893189,53.8052124],[27.6885572,53.8051934],[27.6834395,53.8057953],[27.6805642,53.8064098],[27.6749637,53.8079493],[27.6732149,53.8086019],[27.6725726,53.80932],[27.6723888,53.81023],[27.6748467,53.812611],[27.6770322,53.8118016],[27.677039,53.8114174],[27.6777151,53.8111257],[27.6795509,53.8110097],[27.6801608,53.810837],[27.6821292,53.810619],[27.6834153,53.8116393],[27.6891943,53.809528],[27.6893661,53.8092173],[27.6927808,53.8125905],[27.6936492,53.8132635],[27.6954355,53.81441],[27.6977402,53.8155565]],[[27.7347393,53.8917219],[27.7374393,53.8937472],[27.7429466,53.8950949],[27.7460375,53.8971683],[27.7621421,53.8968139],[27.7629244,53.8959093],[27.7643299,53.8956122],[27.7670978,53.8948219],[27.7711965,53.8945056],[27.7779122,53.8911607],[27.77835,53.8903692],[27.7781894,53.8896954],[27.7769991,53.889156],[27.7641781,53.887298],[27.7634468,53.8850698],[27.7635679,53.8841899],[27.7645538,53.8829849],[27.7652078,53.8816569],[27.7603755,53.881056],[27.7594776,53.8811071],[27.7584381,53.8818153],[27.7555092,53.8841933],[27.7545866,53.8845664],[27.7517235,53.8845857],[27.7500868,53.8842468],[27.7491539,53.8845861],[27.7485444,53.8850299],[27.7461545,53.8856166],[27.7445227,53.8858259],[27.7390399,53.8855916],[27.7373611,53.8861238],[27.7301479,53.88612],[27.7303077,53.8874751],[27.7280541,53.8874891],[27.7280969,53.8884627],[27.7315198,53.8884058],[27.7347393,53.8917219]],[[27.7363638,53.86492],[27.7306903,53.8480561],[27.7306571,53.8475257],[27.7301304,53.8448918],[27.7319269,53.843788],[27.7297112,53.841423],[27.7278768,53.8398231],[27.7264559,53.838365],[27.7230162,53.8399161],[27.7167636,53.8430756],[27.7166438,53.8430622],[27.7101101,53.8462361],[27.7107875,53.8466094],[27.710845,53.8472223],[27.7097372,53.8477383],[27.7070655,53.8478479],[27.7066771,53.8480071],[27.6980183,53.8523004],[27.6896191,53.8562964],[27.6886104,53.8568457],[27.6855165,53.8583346],[27.6849101,53.858933],[27.6843643,53.8610759],[27.6843423,53.8617399],[27.6865836,53.8641574],[27.6879676,53.8652644],[27.6892021,53.866542],[27.6902212,53.8678646],[27.6908546,53.8689591],[27.6911654,53.8690853],[27.6917788,53.8700979],[27.6934405,53.8723061],[27.6939557,53.8727482],[27.6958687,53.8736768],[27.6954449,53.8740896],[27.6957427,53.8745363],[27.6970793,53.8746091],[27.6971779,53.8741296],[27.6980111,53.8735772],[27.6998897,53.8740746],[27.7039556,53.8752551],[27.7044274,53.8742839],[27.7099429,53.8760261],[27.7102168,53.875717],[27.7112454,53.8760219],[27.7119348,53.8753299],[27.7122933,53.8753355],[27.7110449,53.8728295],[27.7116796,53.8726912],[27.7135457,53.8732612],[27.7142246,53.8729432],[27.714977,53.8731786],[27.7179866,53.8698811],[27.7182019,53.869887],[27.7287842,53.8733684],[27.7356361,53.8661658],[27.7353368,53.8660722],[27.7363638,53.86492]]]},"properties":{"slug":"minsk-city","name":"г. Минск","level":"region","citySlug":"minsk"}}]}